title,price,localisation,superficie,type d'immobilier,nb_pieces,nb_salle_de_bain,scraping_date,annonceur,link,description
DUPLEX 5 PIECES A LOUER COCODY FEH KESSE CITE FDFP(Location),Prix :400 000XOF,Cocody Feh kesse,300 m2,Appartements,5,4,2024-06-21 11:42:25,N'dri         Ismael,https://annonces.abidjan.net/immobiliers/13147/details/duplex-5-pieces-a-louer-cocody-feh-kesse-cite-fdfp,Duplex 5 piÃ¨ces Ã  louer cocody cite fdfp secteur Feh kesse FayaÂ 07 08 46 76 80/0140937623
VILLA 6 PIECES A LOUER COCODY ANGRE PRES ROND POINT ADO(Location),Prix :800 000XOF,Cocody Angre rond point ado,300 m2,Appartements,6,4,2024-06-21 11:42:29,N'dri         Ismael,https://annonces.abidjan.net/immobiliers/13146/details/villa-6-pieces-a-louer-cocody-angre-pres-rond-point-ado,#BUREAUX / #HABITATIONS 6 PIECES  AVEC UNE INDEPENDANTE A #LOUER  COCODY ANGRE SECTEUR LA SHISH (rond point Ado) #LOYER : 800 000F CFA COMMODITES : 1 grand salon  1 Terrasse 5 chambres dont 3 autonomes 1 indÃ©pendante  1 bureau 1  grande cuisine 1 Toilette visiteur 1 Garage 2 vÃ©hicules  TEL:+ 225 07 08 46 76 80 / 01 40 93 76 23
3 PIECES AU REZ DE CHAUSSÃ‰E A LOUER COCODY ANGRE CHU(Location),Prix :250 000XOF,Cocody Angre chu,100 m2,Appartements,3,2,2024-06-21 11:42:35,N'dri         Ismael,https://annonces.abidjan.net/immobiliers/13025/details/3-pieces-au-rez-de-chaussee-a-louer-cocody-angre-chu,3 PIECES STANDING NEUF A LOUER COCODY ANGRE CHU AU REZ DE CHAUSSÃ‰E DANS LE QUARTIERÂ LOYER: 250 000F CFAÂ TEL : 07 08 46 76 80/ 01 40 93 76 23
4 PIECES A LOUER COCODY ANGRE PRES MARCHES PUBLICS(Location),Prix :325 000XOF,Cocody Angre pres marchÃ©s publics,150 m2,Appartements,4,2,2024-06-21 11:42:41,N'dri         Ismael,https://annonces.abidjan.net/immobiliers/13024/details/4-pieces-a-louer-cocody-angre-pres-marches-publics,4 piÃ¨ces standing avec parking Ã  louer cocody angre non loin du marchÃ©s publics au 2eme Ã©tagesÂ Loyer : 325 milles le moisÂ Tel: 07 08 46 76 80 Â / 01 40 93 76 23
BUREAUX 4 PIECES A LOUER COCODY RIVIERA M'BADON(Location),Prix :400 000XOF,Cocody Riviera mbadon,150 m2,Appartements,4,3,2024-06-21 11:42:46,N'dri         Ismael,https://annonces.abidjan.net/immobiliers/13022/details/bureaux-4-pieces-a-louer-cocody-riviera-m-badon,BUREAUX 4 PIECES A LOUER COCODY RIVIERA M'BADON AU 2EME ETAGESÂ LOYER : 400 000F CFAÂ TEL : 07 08 46 76 80 Â / 01 40 93 76 23
APPARTEMENTS DE 03 ET 04 PIECES EN LOCATION(Location),Prix :1 000 000XOF,"Abidjan Riviera 3, Jacques - PrÃ©vert",,Appartements,4,3,2024-06-21 11:42:51,SANDRA         K IMMO,https://annonces.abidjan.net/immobiliers/13012/details/appartements-de-03-et-04-pieces-en-location,LOCATIONCOCODY RIVIERA 3Appartements neufs de 03 et 04 piÃ¨ces en location dans une citÃ© :. Des chambres autonomes. Un sÃ©jour avec balcon. Une salle Ã  manger. Une toilette visiteurs. Une buanderieCommoditÃ©s :. Immeuble sÃ©curisÃ© avec camÃ©ras de surveillance. Placard et rangements installÃ©s. Climatiseurs et chauffe-eau installÃ©Loyers :03 piÃ¨ces : 800.00004 piÃ¨ces : 1.000.000
RESIDENCES HARMONIE 5G(Location),Prix :20 000XOF,Yamoussoukro Ambassade,,Appartements,2,1,2024-06-21 11:42:57,Harmonie         5G,https://annonces.abidjan.net/immobiliers/12983/details/residences-harmonie-5g,ğ‚ğ¨ğ§ğŸğ¨ğ«ğ­ ğğ­ ğ¬ğğ«ğ¯ğ¢ğœğğ¬ ğ¢ğ§ğ­Ã©ğ«ğ¢ğğ®ğ«ğ¬ :âœ¨ Wifi haut dÃ©bit et chauffe-eau pour votre confort âœ¨ Climatisation pour des nuits paisibles âœ¨ TV connectÃ©e pour vos moments de dÃ©tente âœ¨ Cuisine entiÃ¨rement Ã©quipÃ©e pour prÃ©parer vos repas de rupture de jeÃ»ne âœ¨ SÃ©curitÃ© assurÃ©e 24h/24 pour une tranquillitÃ© d'esprit absolu
RESIDENCE MOYA(Location),Prix :25 000XOF,KOUMASSI AJAVON,,Appartements,1,1,2024-06-21 11:43:03,KONAN         LOUKOU,https://annonces.abidjan.net/immobiliers/12958/details/residence-moya,LOCATION STUDIO VIP MEUBLETRES CONFORTABLESITUE A KOUMASSI DERRIERE GREEN POWER ET A COTE DU COLLEGE JULES VALES25 000 PAR JOUR (24h)
bel appartement 4 piÃ¨ces Ã  louer Ã  angrÃ© citÃ© cnps(Location),Prix :550 000XOF,cocody angrÃ© citÃ© cnps,200 m2,Appartements,4,3,2024-06-21 11:43:08,yoro         cyrille,https://annonces.abidjan.net/immobiliers/12954/details/bel-appartement-4-pieces-a-louer-a-angre-cite-cnps,Nous mettons en location un bel appartement 4 piÃ¨ces Ã  Cocody angre 8e tranche dans la citÃ© CNPS au rez-de-chaussÃ©e avec pour commoditÃ©s:- 3 belles chambres- 1 wc visiteur- 1 grande cuisine- 1 belle terrasse- 1 piscine commune- plusieurs airs de jeuxLoyer 550000/mois0707565354/0101162782
RÃ©sidence MeublÃ©e Sachiel(Location),Prix :35 000XOF,Marcory GFCI,,Appartements,2,1,2024-06-21 11:43:13,KRASSO         KIBEHI MARIE PAULE,https://annonces.abidjan.net/immobiliers/12948/details/residence-meublee-sachiel,Appartement meublÃ©e idÃ©al pour vos sÃ©jours Ã  Abidjan
APPARTEMENT 5 PIÃˆCES(Location),Prix :2 000 000XOF,MARCORY Zone 4,380 m2,Appartements,5,5,2024-06-21 11:43:19,TIOYÃ‰         JOSEPH WINNER,https://annonces.abidjan.net/immobiliers/12925/details/appartement-5-pieces,A LOUER SUPERS APPARTEMENTS DE Â 5 PIÃˆCES TRÃˆS HAUT STANDING AVEC ASCENSEUR ET PARKING INTERNE.Â LIEU: ABIDJAN ZONE 4LOYER: 2 MILLIONSÂ TEL: 0707 54 37 05 Â /// 05 04 01 85 03
JOLINO(Location),Prix :200 000XOF,Yamoussoukro Morofe nkloidjo,120 m2,Appartements,3,2,2024-06-21 11:43:23,BELIM         IMMOBILIER,https://annonces.abidjan.net/immobiliers/12915/details/jolino,3 PIECES au 1er 2tage2 chambres spacieuses et Ã©quipÃ©es en climatisation1 vaste salon climatisÃ©2 salles d'eau1 grand balcondans un cadre paisible et sÃ©curisÃ©
Appartement de 4 piÃ¨ces au 1er  a louer aux 2 latÃ©raux carrefour duncan(Location),Prix :350 000XOF,Cocody 2 plateaux,,Appartements,4,2,2024-06-21 11:43:28,Yeo         LACINA pascal,https://annonces.abidjan.net/immobiliers/12914/details/appartement-de-4-pieces-au-1er-a-louer-aux-2-lateraux-carrefour-duncan,Appartement de  4 piÃ¨ces au 1er Ã©tage(bureau) situÃ© aux carrefour duncan.l
Une 3 piÃ¨ces de 200 000 Ã  louer Ã  bingerville(Location),Prix :200 000XOF,Bingerville MÃ¨re enfant,150 m2,Appartements,3,3,2024-06-21 11:43:34,mike         Immob,https://annonces.abidjan.net/immobiliers/12910/details/une-3-pieces-de-200-000-a-louer-a-bingerville,"Nous mettons en location des 3 piÃ¨ces 150 000 , de 2 piÃ¨ces 100 000 et des studio Â 100, 85 000 Ã  bingervilleâ€¦."
FLY - HEBERGEMENT(Location),Prix :45 000XOF,cocody Rue lepic,,Appartements,1,1,2024-06-21 11:43:39,Soleil         Immobilier,https://annonces.abidjan.net/immobiliers/12890/details/fly-hebergement,"Location saisonniÃ¨re - cocody - rue lepicBeau studio meublÃ© au rdc avec un jardin privÃ©, une belle chambre, cuisine, douche et terrasse donnant sur le jardin:CommoditÃ© :Â internetmÃ©nageÃ©lectricitÃ©eauPrix :Journalier"
FLY - HEBERGEMENT(Location),Prix :45 000XOF,cocody Rue lepic,,Appartements,1,1,2024-06-21 11:43:57,Soleil         Immobilier,https://annonces.abidjan.net/immobiliers/12889/details/fly-hebergement,"Location saisonniÃ¨re - Cocody - Rue LepicBeau studio meublÃ© au rdc avec un jardin privÃ©, une belle chambre, cuisine, douche et terrasse donnant sur le jardin:CommoditÃ© :Â internetmÃ©nageÃ©lectricitÃ©eauPrix :Journalier"
"Studio entiÃ¨rement meublÃ©, situÃ© Ã  Abidjan, Cocody, Riviera Faya(Location)",Prix :15 000XOF,Cocody Riviera Faya,,Appartements,1,1,2024-06-21 11:44:02,Groupe         Geek,https://annonces.abidjan.net/immobiliers/12870/details/studio-entierement-meuble-situe-a-abidjan-cocody-riviera-faya,"Studio entiÃ¨rement meublÃ©, situÃ© Ã  Abidjan, Cocody, Riviera Faya, prÃ¨s de la clinique le bon samaritain et non loin du supermarchÃ© BonprixÂ Simplifiez-vous la vie dans ce logement paisible, situÃ© dans une zone urbaine sÃ©curisÃ©e Ã  50m d'une voie principale. Â Les dÃ©placements sont facile grÃ¢ce aux taxis communaux, taxis intercommunaux, bus, VTC.. Â Retrouver toutes commoditÃ©s afin de passer un sÃ©jour idÃ©al:- TV 43'' + Abonnement canal+- Wifi- Climatisation- CanapÃ©- Grand placard- Cuisine Ã©quipÃ©e (micro-ondes, cuisiniÃ¨re 4 feux avec four, rÃ©frigÃ©rateur + CongÃ©lateur, vaisselle, ...)Â Tarif Promotionnel: 15000F / nuitÃ©eÂ Tel/Whatsapp/Telegram: +225 07 58 84 32 14 / 05 95 43 77 59contact@geekgroupe.comgeekgroupesarl@gmail.comwww.geekgroupe.com"
STUDIO A2 - SOUAD RESIDENCE(Location),Prix :25 000XOF,Yopougon Yopougon Niangon Ã  gauche terminus du bus 27,,Appartements,1,1,2024-06-21 11:44:09,SOUAD         Yopougon,https://annonces.abidjan.net/immobiliers/12869/details/studio-a2-souad-residence,"Un appartement de 01 piÃ¨ce climatisÃ© et ayant une connexion internet. Il comprend : Â - Une cuisiniÃ¨re- Un rÃ©frigÃ©rateur- Un placard Â - Une salle de bain- Un lave-vaisselle- Une table Ã  manger- wifi- climatisationLe complexe prÃ©sente un cadre trÃ¨s agrÃ©able, trÃ¨s propre et luxueux. Il prÃ©sente en son sein un restaurant, un bar, un espace Ã©vÃ¨nementiel et une salle de rÃ©union avec des garages."
STUDIO A1 - SOUAD RESIDENCE(Location),Prix :25 000XOF,Yopougon Niangon Ã  gauche terminus du bus 27,,Appartements,1,1,2024-06-21 11:44:13,SOUAD         Yopougon,https://annonces.abidjan.net/immobiliers/12868/details/studio-a1-souad-residence,"Un appartement de 01 piÃ¨ce climatisÃ© et ayant une connexion internet. Il comprend : Â - Une cuisiniÃ¨re- Un rÃ©frigÃ©rateur- Un placard Â - Une salle de bain- Un lave-vaisselle- Une table Ã  manger- wifi- climatisationLe complexe prÃ©sente un cadre trÃ¨s agrÃ©able, trÃ¨s propre et luxueux. Il prÃ©sente en son sein un restaurant, un bar, un espace Ã©vÃ¨nementiel et une salle de rÃ©union avec des garages."
STUDIO A1 - SOUAD RESIDENCE(Location),Prix :25 000XOF,Yopougon Niangon Ã  gauche terminus du bus 27,,Appartements,,1,2024-06-21 11:44:17,SOUAD         Yopougon,https://annonces.abidjan.net/immobiliers/12867/details/studio-a1-souad-residence,"Un appartement de 01 piÃ¨ce climatisÃ© et ayant une connexion internet. Il comprend : Â - Une cuisiniÃ¨re- Un rÃ©frigÃ©rateur- Un placard Â - Une salle de bain- Un lave-vaisselle- Une table Ã  manger- wifi- climatisationLe complexe prÃ©sente un cadre trÃ¨s agrÃ©able, trÃ¨s propre et luxueux. Il prÃ©sente en son sein un restaurant, un bar, un espace Ã©vÃ¨nementiel et une salle de rÃ©union avec des garages."
Superbes studios Bingerville(Location),Prix :60 000XOF,Bingerville Agouapi residentiel,30 m2,Appartements,1,1,2024-06-21 11:44:23,YAO         Gisele,https://annonces.abidjan.net/immobiliers/12854/details/superbes-studios-bingerville,De magnifiques studios Ã  louer Ã  Bingerville sur la route de mbatto bouakÃ© non loin du nouveau palais de justice.En face de la citÃ© du TrÃ©sor. Nouvelles constructions.
RÃ©sidence meublÃ©e de 2pieces Ã  la Riviera m'badon ambassade de Chine(Location),Prix :35 000XOF,Abidjan Riviera M'badon ambassade de chine,,Appartements,2,1,2024-06-21 11:44:28,BROU         Kouassi Stephane,https://annonces.abidjan.net/immobiliers/12850/details/residence-meublee-de-2pieces-a-la-riviera-m-badon-ambassade-de-chine,"RÃ©sidence meublÃ©e de 2pieces Ã  la Riviera m'badon ambassade de Chine, Ã  proximitÃ© de l'ambassade composÃ© comme suitUne chambre climatisÃ©e,Un grand salon avec un ventilateur silencieux,Une salle Ã  manger, Une tÃ©lÃ©vision 50 pouces connectÃ©, youtube, Netflix,WiFi illimitÃ© fibre optiqueCuisine entiÃ¨rement Ã©quipÃ©eChauf eauPrix journalier 35.000fr/jourLongs sÃ©jours Ã  nÃ©gocierContact :0779085470"
APPARTEMENT HAUT STANDING MBADON 4PCS(Location),Prix :1 600 000XOF,COCODY RIVIERA MBADON,,Appartements,4,5,2024-06-21 11:44:33,ADOU         SONIA,https://annonces.abidjan.net/immobiliers/12847/details/appartement-haut-standing-mbadon-4pcs,"RESIDENCE ALTA GRACIAÂ SituÃ© Ã  la Cocody Riviera 4 M'badon, un immeuble de R+4 contenant 14 appartements de 3 et 4 piÃ¨ces de haut standing, non meublÃ©s et meublÃ©s.Le bÃ¢timent est Ã©quipÃ© d'un groupe Ã©lectrogÃ¨ne, surpresseur d'eau,1 ascenseurs, une conciergerie, parking souterrain, salle de sport, salle de jeux, hall d'entrÃ©e amÃ©nagÃ©, piscine commune, jardin accessible pour des barbecues.Â La cuisine est Ã©quipÃ©eÂ  d'une machine a laver, une machine a sÃ©cher, lave vaisselle, rÃ©frigÃ©rateur, gaziniÃ¨re."
STUDIO PLATEAU PULLMAN(Location),Prix :1 500 000XOF,PLATEAU PLATEAU,,Appartements,1,1,2024-06-21 11:44:37,ADOU         SONIA,https://annonces.abidjan.net/immobiliers/12845/details/studio-plateau-pullman,"Grand studio au 2eme Ã©tage au sein de l'immeuble Eden au plateau non loin du pullman.Â Le charmant design intÃ©rieur avec une touche de mobilier en bois rend chaque coin de la piÃ¨ce propre et confortable. SÃ©curitÃ©, propretÃ©, luminositÃ© et confort sont au rendez-vous.-Salle Ã  manger et Bureau Â  -Cuisine moderne Ã©quipÃ©e Â  Â  Â  Â  Â  Â  Â  Â  Â  Â  Â  Â  Â  Â  Â  Â  -Salle de bain moderne Â  -Grand lit KING sizeCommoditÃ©s et atoutsâ€¢ RÃ©frigÃ©rateur, GaziniÃ¨re, Machine Ã Laver, MachineÂ  Ã  sÃ©cher, Nespressoâ€¢ Ascenseurâ€¢ Une place de parkingâ€¢ Conciergerieâ€¢ Fibre optique orange illimitÃ©eâ€¢ MÃ©nageâ€¢ Gardien 24h/24â€¢ Restaurants et bar Ã  proximitÃ©â€¢ Immeuble calme et sÃ©curisÃ©"
APPARTEMENT MEUBLÃ‰ PLATEAU 2PCS PLATEAU CCIA(Location),Prix :700 000XOF,PLATEAU PLATEAU,,Appartements,2,2,2024-06-21 11:44:44,ADOU         SONIA,https://annonces.abidjan.net/immobiliers/12844/details/appartement-meuble-plateau-2pcs-plateau-ccia,Charmant design intÃ©rieur avec une touche de mobilier en bois rend chaque coin de la piÃ¨ce propre et confortable IdÃ©al pour les travailleurs de la Bad et des institutions financiÃ¨res au Plateau. Â  Â  Â  Â  Â  Â  Â  Â  Â  Â  Â  Â  Â  Â  Â  Â  Â  Â  Â  Â  Â  Â  Â  Â  Â  Â  Â  Â  Â  Â  Â  Â  Â  Â  Â  Â  Â  Â  Â  Â  Â  Â  Â  Â  Â  Â  Â  Â  Â  Â  Â  Â  Â  Â  Â  Â  Â  Â  Â  Â  Â  Â  Â  Â  Â  Â  Â  Â  Â  Â  Â  Â  Â  Â  Â  Â  composÃ© comme suit:Cuisine et buanderie avec machine Ã  laver et Ã  sÃ©cher + un lave vaisselleChambre principale avec un dressingSÃ©jour et salle Ã  mangerParking souterrain et ascenseurGrande Piscine et espace vert
RESIDENCE HARMONIA(Location),Prix :700 000XOF,PLATEAU PLATEAU,,Appartements,2,2,2024-06-21 11:44:48,ADOU         SONIA,https://annonces.abidjan.net/immobiliers/12843/details/residence-harmonia,Charmant design intÃ©rieur avec une touche de mobilier en bois rend chaque coin de la piÃ¨ce propre et confortable IdÃ©al pour les travailleurs de la Bad et des institutions financiÃ¨res au Plateau. Â  Â  Â  Â  Â  Â  Â  Â  Â  Â  Â  Â  Â  Â  Â  Â  Â  Â  Â  Â  Â  Â  Â  Â  Â  Â  Â  Â  Â  Â  Â  Â  Â  Â  Â  Â  Â  Â  Â  Â  Â  Â  Â  Â  Â  Â  Â  Â  Â  Â  Â  Â  Â  Â  Â  Â  Â  Â  Â  Â  Â  Â  Â  Â  Â  Â  Â  Â  Â  Â  Â  Â  Â  Â  Â  Â  composÃ© comme suit:Cuisine et buanderie avec machine Ã  laver et Ã  sÃ©cher + un lave vaisselleChambre principale avec un dressingSÃ©jour et salle Ã  mangerParking souterrain et ascenseurGrande Piscine et espace vert
Chics Appartements(Location),Prix :300 000XOF,Bingerville Anader,73 m2,Appartements,3,2,2024-06-21 11:44:52,Ka         Emnouch,https://annonces.abidjan.net/immobiliers/12824/details/chics-appartements,Appartements de haut standing Ã  louer Ã  Bingerville :Studios amÃ©ricains- 2 piÃ¨ces- 3 piÃ¨cesÂ NB : PossibilitÃ© de rÃ©server dÃ¨s maintenant au 0505713331 (WhatsApp)
Terroir Jenny's(Location),Prix :70 000XOF,Cocody ( abatta ) Jules Verne,80 m2,Appartements,3,3,2024-06-21 11:44:59,Terroir         Jenny's,https://annonces.abidjan.net/immobiliers/12817/details/terroir-jenny-s,"SituÃ© dans l'une des communes les plus propre d'abidjan et dans un quartier hyper, le Terroir Jenny's vous offre une vue magnifique du quartier, un garage et d'une connexion Wi-Fi gratuite dans l'ensemble de ses locaux.Cet appartement climatisÃ© comprend 2 chambres et un salon climatisÃ©, une tÃ©lÃ©vision Ã  Ã©cran plat ainsi qu'une cuisine Ã©quipÃ©e d'un rÃ©frigÃ©rateur, micro onde, une cafetiÃ¨re, d'une cuisiniÃ¨re. Les serviettes et le linge de lit sont fournis, Tous les hÃ©bergements sont dotÃ©s d'une literie et de couette de marque etcLâ€™Ã©tablissement dispose de 6 appartements de 3 piÃ¨ces et 1 appartement de 4 piÃ¨ces.Les tarifs- les 3 piÃ¨ces sont Ã  Â  70.000/Jours- les 4 piÃ¨ces sont Ã  100.000/JoursÂ Contact : 01.01.51.97.27 / 07.07.69.64.04"
Villa Duplex meublÃ©e avec piscine Ã  Grand-bassam(Location),Prix :750 000XOF,Grand-bassam Modeste,16000 m2,Appartements,3,2,2024-06-21 11:45:04,Jeanne KOUADIO,https://annonces.abidjan.net/immobiliers/12793/details/villa-duplex-meublee-avec-piscine-a-grand-bassam,"Villa duplex avec piscine, idÃ©alement situÃ©e Ã  15 km de lâ€™aÃ©roport dâ€™Abidjan et 12 km de Grand-bassam. piscine, espaces verts, balcon, terrasses sont autant dâ€™espaces oÃ¹ vous pourrez vous relaxer.le logement comporte Ã©galement une partie dÃ©pendances avec studio du gardien et local rangement"
HÃ´tel rÃ©sidence meublÃ© Ã  Cocody AngrÃ©(Location),Prix :450 000 000XOF,Cocody 00225,,Appartements,,,2024-06-21 11:45:09,deda,https://annonces.abidjan.net/immobiliers/12788/details/hotel-residence-meuble-a-cocody-angre,"Bonne affaire pour investir : Cocody angrÃ© vente : hÃ´tel rÃ©sidence Avec 10 chambres meublÃ©es, un hall et un restaurant ,PossibilitÃ© de modifier en R+5 et en appartement meublÃ©. Construire sur un terrain de 600mÂ². Â Document: ACD Pour le prix 450 millions cfa . SMART-IMMO: Vente-Achat-Location-Gestion-Conseil.(Apporteur d'Affaire).Â  Contacte :+225 58 96 00 27 / 42 33 20 38"
2 hectares de terrains dans la zone dâ€™AngrÃ©(Location),Prix :40XOF,Cocody ABIDJAN,,Appartements,,,2024-06-21 11:45:28,Nadou,https://annonces.abidjan.net/immobiliers/12782/details/2-hectares-de-terrains-dans-la-zone-d-angre,EN VENTE: TERRAIN 2 HECTARES EN VENTE DANS LA ZONE D ANGRE NON LOIN DE LA CITE DES MEDECINS APRES Lâ€™ECOLE DES PRETES Â  PRIX : 40.000F M2 AVEC ACD Â   CONTACT : 59-81-41-19 / 44-31-14-98
Belle opportunitÃ© Ã  Jacqueville(Location),Prix :3 000 000XOF,Abobo 13 Bp 2995 Abidjan 13,,Appartements,,,2024-06-21 11:45:34,Assoumou,https://annonces.abidjan.net/immobiliers/12779/details/belle-opportunite-a-jacqueville,"OpportunitÃ© Ã  #Jacqueville Â  A #TomatÃ©kro , non loin deÂ  Jacqueville N' #Djem en bordure de la voie y4, 10 lots plats de 500 mÂ² #idÃ©al pour tout type de #immobilier.Â Â  Nb: Des maisons dÃ©jÃ  construite dans la zoneÂ  Contactez-nous pour saisir l'offre. Arche Enterprise Group +2250759630868(whatsapp)."
villas duplex de 6 piÃ¨ces Ã  cocody 2 plateaux(Location),Prix :45 000 000XOF,Cocody COCODY  2PLATEAUX,,Appartements,,,2024-06-21 11:45:38,koco,https://annonces.abidjan.net/immobiliers/12776/details/villas-duplex-de-6-pieces-a-cocody-2-plateaux,"ENFIN DES SUPERBES VILLA TRES MODERNES DE 6 PIECES PRENANT EN COMPTE LES NOUVELLES EXIGENCES ECOLOGIQUES UN GRAND SALON DE 40 MÂ² 4 GRANDES CHAMBRES AUTONOMES ( salle d eau , placard )Â  deÂ Â  25 Ã Â Â  30 mÂ²Â  TRES SPACIEUSES UN SALON VIP AVEC BAIE VITREE ET BALCON DE 25Â  MÂ²GARAGE DEÂ  2 VOITURES PRIXÂ Â  50Â  MILLIONSÂ Â Â Â Â Â Â Â Â Â Â Â Â Â Â  65 MILLIONSÂ Â Â Â Â Â Â Â Â Â Â Â Â Â Â Â Â Â  75Â Â  MILLIONSÂ Â Â Â Â  ET PLUSNOS VILLAS SONTÂ Â  GENERALEMENTÂ  DANS LAÂ  COMMUNEÂ Â  DEÂ Â  COCODYÂ Â Â  2PLATEAUXÂ Â  ANGRETELÂ Â Â Â Â Â Â Â Â  +225 03498262Â Â Â Â Â Â Â Â Â Â Â Â Â Â Â Â Â Â Â Â Â Â Â Â Â Â  +22508952044"
VILLA DE 6 PIÃˆCES ECOLO(Location),Prix :50 000 000XOF,Cocody COCODY,,Appartements,,,2024-06-21 11:45:43,koco,https://annonces.abidjan.net/immobiliers/12775/details/villa-de-6-pieces-ecolo,NOUVELLE CONSTRUCTION NOUVEAU MATERIAUX NOUVEAU DESIGNE TRES TRES BELLES VILLA DUPLEX DE 4 GRANDES CHAMBRES TRÃˆS SPATIEUSES ET DE 2 GRANDS SALONS UN GARAGE DE 2 VOITURES AVEC DES BAIES VITREES DES CARREAUX IMPORTES UNE COUR AVEC JARDIN VIVEZ DANS LE 21 EM SIÃˆCLE DANS DES VILLAS ECOLOS PRIX Â  Â  Â  50MILLIONS Â  60 MILLIONSÂ Â  75 MILLIONS ET PLUS TEL +225 08952044Â Â Â Â Â Â Â Â Â Â Â Â Â Â Â Â  +225 03498262
Villas duplex de 4 chambres Ã  Cocody AngrÃ©(Location),Prix :50 000 000XOF,Cocody COCODY,,Appartements,,,2024-06-21 11:45:50,koco,https://annonces.abidjan.net/immobiliers/12774/details/villas-duplex-de-4-chambres-a-cocody-angre,SUPERBE VILLAS DUPLEX DE 4 CHAMBRES 2 SALONS UN GARAGE DE 2 VOITURE UNE COUR ARRIERE ET AVANT AVEC UN PETIT JARDIN . TOUTES LES 4 CHAMBRES SONT AUTONOMES AVEC SALLE DE BAIN GRAND PLACARD . DES CHAMBRES TRES SPATIEUSES AVEC DES BAIES VITREESÂ  TOUTES NOS VILLAS SONT DU COTÃ‰ D ANGRE COCODYÂ  ET SONT CONSTRUITES SUR DE GRANDES SURFACEÂ  PRIXÂ  Â 50 MILLIONSÂ  Â  Â  Â  Â 65 MILLIONSÂ  Â  75 MILLIONS ET PLUS Â  TEL + 225Â  Â 08952044Â  Â  Â  Â  Â  Â  Â  +225 03498262
DUPLEX 4 PIÃˆCES(Location),Prix :55 000 000XOF,Cocody cocody riviera promogim,,Appartements,,,2024-06-21 11:45:55,koco,https://annonces.abidjan.net/immobiliers/12773/details/duplex-4-pieces,VILLA DUPLEX DE 4 PIÃˆCES DONT LE SALON LA CUISINE ET UNE CHAMBRE AU REZ DE CHAUSSÃ‰EÂ  ET 2 CHAMBRES AU 1 ER . VILLA SITUÃ‰E DANS LA BELLE CITE DE PROMOGIM VERS LA PROMOTION FEKESSE SUR LA ROUTE DE BINGERVILLE VILLA CONSTRUITE SUR 200 MÂ²CETTE VILLA EST ELLE QUE LA SOCIÃ‰TÃ‰ IMMOBILIÃˆRE A RENDU IL RESTE ENCORE DES TRAVAUX A FAIREPRIX 55 MILLIONS A DÃ‰BATTRETEL + 225Â  08952044Â Â Â Â Â Â Â Â Â Â Â Â Â Â Â Â Â Â Â  + 225Â Â Â  03498262
"POTS,VASES ET JARRES DE DÃ‰CORATION(Location)",Prix :40 000XOF,Abobo 07 35 79 26,,Appartements,,,2024-06-21 11:46:06,zkz,https://annonces.abidjan.net/immobiliers/12767/details/pots-vases-et-jarres-de-decoration,"Pots,vases et jarres de dÃ©coration en cÃ©ramique made in CÃ´te d'Ivoire. Prix interessant avec possibilitÃ© de livraison Ã  domicile. Nous contacter pour les differents prix"
Terrain Ã  BASSAM-MOCKEVILLE(Location),Prix :20 000 000XOF,Grand-Bassam 07 35 79 26,,Appartements,,,2024-06-21 11:46:11,zkz,https://annonces.abidjan.net/immobiliers/12766/details/terrain-a-bassam-mockeville,TERRAIN EN VENTE A BASSAM-MOCKEVILLE.Â  Superficie : 500 mÂ² Ã‰lectricitÃ© : Moyenne tension Ã  proximitÃ©.Â  Eau : en cours d'installation.Â  Document : ArrÃªtÃ© de Concession DÃ©finitive A.C.D.
Terrain(Location),Prix :120 000 000XOF,Abobo nouveau chu,,Appartements,,,2024-06-21 11:46:38,PROPERTY IMMOBILIER,https://annonces.abidjan.net/immobiliers/12751/details/terrain,PROPERTY IMMOBILIER met en vente un terrain situÃ© au nouveau CHU d'AngrÃ©. Ce terrain est situÃ© dans une zone habitable en bordure de voie. Documents: ACD
Appartement meublÃ© Ã  louÃ©(Location),Prix :45XOF,Riveira Palmeraie Appartements,,Appartements,,,2024-06-21 11:47:22,Komenan Ange,https://annonces.abidjan.net/immobiliers/12718/details/appartement-meuble-a-loue,"Un appartement meublÃ© de 3 piÃ¨ces Ã  louer Ã  la Riviera Palmeraie complexe Cet appartement meublÃ© de 3 piÃ¨ces au 2Ã¨me Ã©tage dâ€™une belle rÃ©sidence situÃ©e Ã  Cocody plus prÃ©cisÃ©ment Ã  la Riviera Palmeraie Complexe se compose : - Dâ€™un salon trÃ¨s lumineux avec sa terrasse- Dâ€™une suite parentale- Dâ€™une cuisine moderne et bien agencÃ©- Dâ€™une chambre autonome- Dâ€™un WC visiteur- Un parking intÃ©rieur et la sÃ©curitÃ© garantie  Cet appartement offre une belle vue avec ses baies vitrÃ©es et fenÃªtres laissant entrer la lumiÃ¨re et lâ€™air frais, vous y trouverez le calme et le repos. Profitez du bien-Ãªtre Ã  seulement 45.000 Frcs par Jour. Contact : Monsieur DELBE au +225 48 49 33 36/ 49 28 10 62 ou par message Facebook"
CHAUFE-EAU SOLAIRE(Location),Prix :330 000XOF,58041154 Appartements,,Appartements,,,2024-06-21 11:47:33,AFRIAN,https://annonces.abidjan.net/immobiliers/12714/details/chaufe-eau-solaire,"EXPERTS AFRIAN mets Ã  votre disposition son chauffe-eauÂ  solaire thermosiphon. Un dispositif Ã  la pointe de la technologie en matiÃ¨re dâ€™Ã©conomie dâ€™Ã©nergie.Â  Le chauffe-eauÂ  solaire sâ€™installe en toiture ou sur la dalle et vous fera Ã©conomiserÂ  jusquâ€™Ã  80% de votre consommation dâ€™Ã©lectricitÃ©. DÃ¨s aujourdâ€™hui arrÃªtez de payer plus, faites confiance Ã  notre savoir-faire en investissant dans lâ€™achat dâ€™un chauffe-eau solaire. Par ailleurs, cette solution: Â Â Â Â Â Â Â Â Â Â Â Â Â Â Â  ne demande pas de maintenance ; Â Â Â Â Â Â Â Â Â Â Â Â Â Â Â  est hautement Ã©cologique et participe Ã  la protection de lâ€™environnement ; Â Â Â Â Â Â Â Â Â Â Â Â Â Â Â  a une durÃ©e de vie de plus de 20 ans ; Â Â Â Â Â Â Â Â Â Â Â Â Â Â Â  Ã  un prix trÃ¨s accessible. Nous vous recommandons nos chauffe- eaux solaires (HAIER, SMART SOLAR et ENSUN) pour une utilisation dans vos hÃ´tels, instituts de beautÃ©, spas, rÃ©sidences personnelles, citÃ©s estudiantines... A propos, AFRIAN est une entreprise dâ€™experts dans le domaine de lâ€™Ã©nergie solaire et de lâ€™Ã©lectricitÃ©. Notre sociÃ©tÃ© est situÃ©e Ã  Yopougon, aprÃ¨s la base CIE."
APPARTEMENT DE 3 PIÃˆCES(Location),Prix :170XOF,Angre Angre avant chÃ¢teau,,Appartements,,,2024-06-21 11:47:49,Amgbore,https://annonces.abidjan.net/immobiliers/12702/details/appartement-de-3-pieces,Deux appartements de 3 pieces. Salons et chambres trÃ¨s spacieux. A voir absolument.
APPARTEMENT DE 3 PIECES(Location),Prix :230 000XOF,Riviera Faya Abidjan Riviera Faya Playce,,Appartements,,,2024-06-21 11:47:55,Bohe,https://annonces.abidjan.net/immobiliers/12700/details/appartement-de-3-pieces,En location du cÃ´tÃ© de Faya playce joli Appartement de 3 piÃ¨ces 3 salles d'eau au premier Ã©tage venez viteÂ  Â Nouvelle construction Un grand balconÂ  Â et un grand salon 230 000 Visite possible avec les fraisÂ  sur rendez-vousÂ  Cel : 58336338/45887717/72946017
DUPLEX DE 4 PIECES(Location),Prix :350 000XOF,Abobo Abidjan Feh KessÃ© citÃ© Promogim,,Appartements,,,2024-06-21 11:48:00,Bohe,https://annonces.abidjan.net/immobiliers/12699/details/duplex-de-4-pieces,"En location du cÃ´tÃ© de (FhÃ© kessÃ©, citÃ© promogim, citÃ© bitumÃ©e sÃ©curisÃ©e) Une belle villa duplex de 4 piÃ¨ces nouvelle construction, se prÃ©sentant comme suit : FacilitÃ© d'accÃ¨sÂ  Un garage deux 3 vÃ©hicules Un grand salon Â 3 grandes chambres avec placard, dont 3 autonomes. Une salle d'eau centrÃ©e Loyer :350. 000 x 5 (2-2-1) Frais de visite : 5000 Cel : 58336338/45887717/72946017"
APPARTEMENT HAUT STANDING DE 3 PIECES(Location),Prix :25 000 000XOF,Abobo Abidjan Anyama Ã‰bimpÃ©,,Appartements,,,2024-06-21 11:48:05,Bohe,https://annonces.abidjan.net/immobiliers/12698/details/appartement-haut-standing-de-3-pieces,"EN VENTE APPARTEMENT 3PIECES HAUT STANDING Lisez attentivement le texte Â  Les caractÃ©ristiques sont les suivantes :Â  1. Promoteur: Alliances CÃ´te d'ivoireÂ  2. Description : 3 piÃ¨ces( 2 chambres Ã  coucher Ã©quipÃ©es avec les placards, un salon, cuisine,Â  1 salle d'eau) 3. Titre de propriÃ©tÃ© : *Certificat de PropriÃ©tÃ© de Mutation FonciÃ¨re( CPMF)* (joint) 3. Situation gÃ©ographique: RÃ©sidences AKWABA, Anyama- EbimpÃ©, Ã  5 minutes du nouveau Stade OlympiqueÂ  4. Finitions/commoditÃ©s: staff au salon, marbre dans toutes les piÃ¨ces, split, antivol, bois d'Ã©bÃ¨ne pour les placards de la cuisine et les chambres, placards de chambre achetÃ© Ã  Orca, peinture blanche haut de gamme dans toute la maison etc.Â  5. Cadre: CitÃ© entiÃ¨rement goudronnÃ©e et gardÃ©e 24h/24h, actuellement habitÃ©e Ã  plus de 85%, la citÃ©e est dotÃ©e d'un terrain de basketball, des airs de jeu pour enfants et des espaces verts.Â  6: Prix d'achat chez Alliances : 16,000,000 FCFA par appartementÂ  7: CoÃ»t des travaux d'embellissement: 5,000,000 FCFA par appartementÂ  8. CoÃ»t total de chaque appartement : 21,000,000FCFAÂ  9. Prix de vente : 25,000,000 FCFA/ appartement Visite possible avec Rdv ferme Cel : 58336338/45887717/72946017"
Appartements sÃ©curisÃ©s(Location),Prix :350 000XOF,RIVIERA 3 Appartements,,Appartements,,,2024-06-21 11:48:39,georges wilfried wilfried Attemene,https://annonces.abidjan.net/immobiliers/12680/details/appartements-securises,"A cinq minutes en voiture du lycÃ©e franÃ§ais Blaise Pascal et non loin de la clinique Saint Viateur , venez dÃ©couvrir nos appartements 3 piÃ¨ces hauts standing au sein d'une rÃ©sidence entretenue et sÃ©curisÃ©e , idÃ©al pour les jeunes couples , jeunes familles , personnes seules... Contactez nous aux 77336466 / 01696987."
Vente de terrain(Location),Prix :25 000 000XOF,Angre Angre bessikoi,,Appartements,,,2024-06-21 11:48:44,KonatÃ©,https://annonces.abidjan.net/immobiliers/12676/details/vente-de-terrain,Je vend mon terrain Ã  angre bessikoi vers le nouveau chu je vend Ã  25000000 Ã  dÃ©battre
Terrain de 500 m2 Ã  Abatta(Location),Prix :30 000 000XOF,Cocody RIVIERA,,Appartements,,,2024-06-21 11:48:58,TOP IMMO-DESIGN,https://annonces.abidjan.net/immobiliers/12669/details/terrain-de-500-m2-a-abatta,Top Immo-design vendÂ  un terrain de 600 M2 dans une zone viabilisÃ© au prix de 30 000 000 FCFA Document :ACD
APPARTEMENT A LOUER(Location),Prix :1 300 000XOF,Koumassi Abidjan/ Bietry,,Appartements,,,2024-06-21 11:49:35,staabatimmobilier,https://annonces.abidjan.net/immobiliers/12646/details/appartement-a-louer,"Appartement de 4 piÃ¨ces Ã©quipÃ© de splits, situÃ© au 5Ã¨me Ã©tage d'un immeuble de standing (avec ascenseur et piscine) sur le boulevard de Marseille Ã  proximitÃ© du CollÃ¨ge Notre-Dame d'Afrique, composÃ© de 3 chambres avec rangements dont 2 autonomes (avec leurs salles d'eau), d'un double-sÃ©jour, d'une cuisine semi Ã©quipÃ©e, d'un balcon (avec vue sur piscine)"
Studio Ã  louer(Location),Prix :90 000XOF,Abidjan/Plateau Appartements,,Appartements,,,2024-06-21 11:49:39,staabatimmobilier,https://annonces.abidjan.net/immobiliers/12645/details/studio-a-louer,"Petit studio (piÃ¨ce,douche et wc) ancienne contruction Ã  la citÃ© Ran derriÃ¨re le ministÃ¨re des Affaires EtrangÃ¨res dans une concession calme,paisible et reposante"
APPARTEMENTS A LOUER(Location),Prix :650 000XOF,Koumassi Abidjan/ Bietry,,Appartements,,,2024-06-21 11:49:44,staabatimmobilier,https://annonces.abidjan.net/immobiliers/12638/details/appartements-a-louer,"3 appartements de 4 piÃ¨ces, situÃ©s dans un grand immeuble R+6 avec piscine au coeur de Bietry, composÃ©s d'une chambre autonome et de 2 chambres avec salle d'eau commune, 1 cuisine, toilettes visiteurs, 1 buanderie, 1 petit balcon donnant sur la rue.Travaux de remise en Ã©tat Ã  prÃ©voir"
PLUSIEURS BEAU APPARTEMENT DE 3 PIECES(Location),Prix :235 000XOF,ABIDJAN COCODY ABBATA Appartements,,Appartements,,,2024-06-21 11:50:16,Memel,https://annonces.abidjan.net/immobiliers/12633/details/plusieurs-beau-appartement-de-3-pieces,"EKAM IMMOBILIERTRES BELLE IMMEUBLE NEUFÂ  CITE MARINAÂ  ROUTE DE BINGERVILLEÂ  3 PIECES 235 000 FCFAÂ  STUDIOÂ  105 000 FCFA + 225 08 42 47 14 / 01 21 71 21 3mn DE LA VOIE PRINCIPALE AERE, ECLAIRE,SPACIEUX,Â  ACCES FACILE SECURITE GARANTIE BON VOISINAGE"
Appartements meublÃ©s(Location),Prix :20XOF,Abobo Marcory,,Appartements,,,2024-06-21 11:50:21,Immo,https://annonces.abidjan.net/immobiliers/12628/details/appartements-meubles,"Furnished apartment: We have very nice furnished apartments of 2 rooms luxury responsible, luxurious, quiet, discreet and secure for your long and short stays, very well located in quiet city.Â  20.000fr / day.Â  A discount for your long stays. WhatsApp number 08559926 and direct call 77175498."
Appartement courte durÃ©e(Location),Prix :15XOF,Koumassi Appartements,,Appartements,,,2024-06-21 11:50:52,Marishale,https://annonces.abidjan.net/immobiliers/12608/details/appartement-courte-duree,"beau appartement meublÃ© de deux piÃ¨ces ( chambre ,salon , cuisine et balcon ) dans rÃ©sidence pour courte durÃ©e situÃ© koumassi remblais . Appartement dans rÃ©sidence sÃ©curisÃ© avec un gardien , pour plus d'informations et dÃ©tail contacter nous"
APPARTEMENT 3 PIECES A LOUER(Location),Prix :200 000XOF,06881032 Appartements,,Appartements,,,2024-06-21 11:51:42,kokora,https://annonces.abidjan.net/immobiliers/12593/details/appartement-3-pieces-a-louer,APPARTEMENT 03 PIÃˆCES A LOUER LOCALISATION........................ NOUVEAU GOUDRON ROUTE ABATTA  COMMODITÃ‰S: -un grand salon -une salle a manger -un balcon -une cuisine -02 douches -une cour avant et arriÃ¨re au rez de chausse MODALITÃ‰ : 05 MOIS LOYER 3 PIÃˆCES : 200.000 âœ“CONTACTS Â +225 06 88 10 32 ( service commercial)
APPARTEMENT DE 03 PIECES EN VENTE(Location),Prix :180 000XOF,06881032 Appartements,,Appartements,,,2024-06-21 11:51:54,gbebe,https://annonces.abidjan.net/immobiliers/12585/details/appartement-de-03-pieces-en-vente,APPARTEMENT 03 PIÃˆCES A LOUER N.B: NOUVELLE CONSTRUCTION LOCALISATION........................ NOUVEAU GOUDRON ROUTE ABATTA  COMMODITÃ‰S: -un grand salon -une salle a manger -un balcon -une cuisine -02 douches -une cour avant et arriÃ¨re au rez de chausse MODALITÃ‰ : 05 MOIS
appartement de 03 pieces en location(Location),Prix :280 000XOF,06881032 Appartements,,Appartements,,,2024-06-21 11:51:59,gbebe,https://annonces.abidjan.net/immobiliers/12584/details/appartement-de-03-pieces-en-location,APPARTEMENT NEUF Ã€ LOUER  COCODY RIVIERA FAYA A CÃ”TÃ‰ DE L'Ã‰GLISE CATHOLIQUE DES LAURIERS. EN FACE DU SUPERMARCHÃ‰ PLAYCE /CARREFOUR  2 CHAMBRES SALON (3 PIECES) GRAND SALON AVEC BALCON 3 DOUCHES  BALCON DANS CHAQUE CHAMBRE  CUISINE AVEC BUANDERIE  Baie vitrÃ©e SALON SORTIE DES BALCONS EN VITRE PORTE DES DOUCHES EN VITRE  CHAUFFE EAU INTER-PHONE SERVICE DE GARDIENAGE 24H/24 PARKING INTERNE ET EXTERNE
appartement de 03 pieces en vente(Location),Prix :280 000XOF,06881032 Appartements,,Appartements,,,2024-06-21 11:52:09,gbebe,https://annonces.abidjan.net/immobiliers/12580/details/appartement-de-03-pieces-en-vente,APPARTEMENT NEUF Ã€ LOUER  COCODY RIVIERA FAYA A CÃ”TÃ‰ DE L'Ã‰GLISE CATHOLIQUE DES LAURIERS. EN FACE DU SUPERMARCHÃ‰ PLAYCE /CARREFOUR  2 CHAMBRES SALON (3 PIECES) GRAND SALON AVEC BALCON 3 DOUCHES  BALCON DANS CHAQUE CHAMBRE  CUISINE AVEC BUANDERIE  Baie vitrÃ©e SALON SORTIE DES BALCONS EN VITRE PORTE DES DOUCHES EN VITRE  CHAUFFE EAU INTER-PHONE SERVICE DE GARDIENAGE 24H/24 PARKING INTERNE ET EXTERNE
appartement de 03 pieces a louer(Location),Prix :200 000XOF,Abobo 06881032,,Appartements,,,2024-06-21 11:52:19,gbebe,https://annonces.abidjan.net/immobiliers/12578/details/appartement-de-03-pieces-a-louer,APPARTEMENT 03 PIÃˆCES A LOUER Â  N.B: NOUVELLE CONSTRUCTION A LIVRER FIN NOVEMBRE Â  LOCALISATION........................ NOUVEAU GOUDRON ROUTE ABATTA  Â  COMMODITÃ‰S: -un grand salon -une salle a manger -un balcon -une cuisine -02 douches -une cour avant et arriÃ¨re au rez de chausse Â  MODALITÃ‰ : 05 MOIS Â  E-mailÂ :Â centuryonegroup@gmail.com
appartement de 03 piece(Location),Prix :35 000 000XOF,06881032 Appartements,,Appartements,,,2024-06-21 11:52:32,gbebe,https://annonces.abidjan.net/immobiliers/12569/details/appartement-de-03-piece,"VENTE villa basse 4 piÃ¨ces Ã©tat brut avec garage 2 voitures, dans la belle citÃ© ITAL construction Superficie : 200 m2 Localisation : Bingerville.  P"
appartement de 07pieces en location(Location),Prix :2 200 000XOF,Abobo 06881032,,Appartements,,,2024-06-21 11:52:36,gbebe,https://annonces.abidjan.net/immobiliers/12565/details/appartement-de-07pieces-en-location,MAGNIFIQUE VILLA DUPLEX 7 PIÃˆCES A LOUER LOCALISATION : 2 PLATEAUX VALLON  REZ DE CHAUSSE - parking-cuisine-un sÃ©jour -une salle a manger -un grand salon -une tÃ©lÃ©vision-une buanderie -piscine -2 chambres Ã  salle d'eau  A Lâ€™Ã‰TAGE -un bureau -2 chambres avec salle d'eau-une suite parental*un salon *une chambre * une salle de bain -une grande toiture avec terrasse accessible -1 bar
appartement de 03 pieces en location(Location),Prix :180 000XOF,Abobo 06881032,,Appartements,,,2024-06-21 11:52:42,gbebe,https://annonces.abidjan.net/immobiliers/12561/details/appartement-de-03-pieces-en-location,COMMODITÃ‰S:  -un grand salon -une salle a manger -un balcon -une cuisine -02 douches -une cour avant et arriÃ¨re au rez de chausse MODALITÃ‰ : 05 MOIS Â  APPARTEMENT 03 PIÃˆCES A LOUER Â  N.B: NOUVELLE CONSTRUCTION Â  LOCALISATION........................ NOUVEAU GOUDRON ROUTE ABATTA
appartement de 03 piÃ¨ces Ã  louer(Location),Prix :200 000XOF,Abobo 06881032,,Appartements,,,2024-06-21 11:52:48,gbebe,https://annonces.abidjan.net/immobiliers/12560/details/appartement-de-03-pieces-a-louer,APPARTEMENT 03 PIÃˆCES A LOUER Â  N.B: NOUVELLE CONSTRUCTION A LIVRER FIN NOVEMBRE Â  LOCALISATION........................ NOUVEAU GOUDRON ROUTE ABATTA  Â  COMMODITÃ‰S: -un grand salon -une salle a manger -un balcon -une cuisine -02 douches -une cour avant et arriÃ¨re au rez de chausse Â  MODALITÃ‰ : 05 MOIS
Villas duplex de 06 piÃ¨ces Ã  bingerville route eloka(Location),Prix :125 000 000XOF,Abatta 06881032,,Appartements,,,2024-06-21 11:52:53,gbebe,https://annonces.abidjan.net/immobiliers/12558/details/villas-duplex-de-06-pieces-a-bingerville-route-eloka,BELLE VILLA DUPLEX 6 PIÃˆCES EN VENTE LOCALISATION : BINGERVILLE ROUTE ELOKA-Chambre principale avec salle d'eau -Toutes les Chambres sont autonomes -Toilettes visiteurs-une cuisine -une cour avant et arriÃ¨re -un garage pour 3 voiture -Document : certificat de propriÃ©tÃ© -309 mÂ²
villa duplex de 03 pieces a louer(Location),Prix :200 000XOF,Abobo 06881032,,Appartements,,,2024-06-21 11:53:11,gbebe,https://annonces.abidjan.net/immobiliers/12557/details/villa-duplex-de-03-pieces-a-louer,APPARTEMENT 03 PIÃˆCES A LOUER N.B: NOUVELLE CONSTRUCTION A LIVRER FIN NOVEMBRE LOCALISATION........................ NOUVEAU GOUDRON ROUTE ABATTA  Â  COMMODITÃ‰S: -un grand salon -une salle a manger -un balcon -une cuisine -02 douches -une cour avant et arriÃ¨re au rez de chausse Â  MODALITÃ‰ : 05 MOIS
appartement a louer 03 pieces(Location),Prix :200 000XOF,06881032 Appartements,,Appartements,,,2024-06-21 11:53:18,gbebe,https://annonces.abidjan.net/immobiliers/12555/details/appartement-a-louer-03-pieces,APPARTEMENT 03 PIÃˆCES A LOUERN.B: NOUVELLE CONSTRUCTION A LIVRER FIN NOVEMBRELOCALISATION........................ NOUVEAU GOUDRON ROUTE ABATTACOMMODITÃ‰S:-un grand salon-une salle a manger-un balcon-une cuisine-02 douches-une cour avant et arriÃ¨re au rez de chausseMODALITÃ‰ : 05 MOI
appartement de 03 pieces en location(Location),Prix :280 000XOF,06881032 Appartements,,Appartements,,,2024-06-21 11:53:22,gbebe,https://annonces.abidjan.net/immobiliers/12552/details/appartement-de-03-pieces-en-location,APPARTEMENT NEUF Ã€ LOUER  COCODY RIVIERA FAYA A CÃ”TÃ‰ DE L'Ã‰GLISE CATHOLIQUE DES LAURIERS. EN FACE DU SUPERMARCHÃ‰ PLAYCE /CARREFOUR  2 CHAMBRES SALON (3 PIECES) GRAND SALON AVEC BALCON 3 DOUCHES  BALCON DANS CHAQUE CHAMBRE  CUISINE AVEC BUANDERIE  Baie vitrÃ©e SALON SORTIE DES BALCONS EN VITRE PORTE DES DOUCHES EN VITRE  CHAUFFE EAU INTER-PHONE SERVICE DE GARDIENAGE 24H/24 PARKING INTERNE ET EXTERNE
appartementde 07 pieces a louer(Location),Prix :2 200 000XOF,Abobo 06881032,,Appartements,,,2024-06-21 11:53:27,gbebe,https://annonces.abidjan.net/immobiliers/12551/details/appartementde-07-pieces-a-louer,MAGNIFIQUE VILLA DUPLEX 7 PIÃˆCES A LOUER Â  LOCALISATION : 2 PLATEAUX VALLON  Â  *REZ DE CHAUSSE - parking -cuisine -un sÃ©jour  -une salle a manger  -un grand salon  -une tÃ©lÃ©vision -une buanderie  -piscine  -2 chambres a salle d'eau *A Lâ€™Ã‰TAGE -un bureau  -2 chambres avec salle d'eau -une suite parental *un salon  *une chambre  * une salle de bain -une grande toiture avec terrasse accessible  -1 bar Â  PRIX : 2 200 000 FCFA Â  CONTACT :
villas basse de 04 pieces a vendre(Location),Prix :26 000 000XOF,06881032 Appartements,,Appartements,,,2024-06-21 11:53:35,gbebe,https://annonces.abidjan.net/immobiliers/12550/details/villas-basse-de-04-pieces-a-vendre,Century ONE GROUP CI- SARL Construction : Immobilier et Belle NaturePROGRAMME IMMOBILIER #GRAND_BASSAM_MONDOUKOULES RESIDENCES ELION 1PAIEMENT SUR 18 MOISSITUATION GÃ‰OGRAPHIQUE : Mondoukou ancienne route d'Assinie
villa duplex de 04 pieces en vente(Location),Prix :55 000 000XOF,06881032 Appartements,,Appartements,,,2024-06-21 11:53:46,gbebe,https://annonces.abidjan.net/immobiliers/12534/details/villa-duplex-de-04-pieces-en-vente,"En vente un duplex de 4 piÃ¨ces livrÃ© clÃ© en main ( garage, 4 douche wc, staff, carrelÃ©, baie vitrÃ©, prÃ©au...) #Au Prix de: 55 Millions.  #Document: ACD #Payement : Cash, prÃªt bancaire. Dans une mini citÃ© dÃ©jÃ  clÃ´turÃ©, AccÃ¨s facile. RIVERA BONOUMIN"
villas duplex de .5 pieces en vente(Location),Prix :220 000 000XOF,Abobo 06881032,,Appartements,,,2024-06-21 11:53:51,gbebe,https://annonces.abidjan.net/immobiliers/12532/details/villas-duplex-de-5-pieces-en-vente,"Cocody AngrÃ© Bessikoi ( Diaspora, Une trÃ¨s belle CitÃ©) Une Nouvelle belle Villa Duplex , TrÃ¨s Chaleureuse de 5 piÃ¨ces + une indÃ©pendance sur 335m2  Comportant un trÃ¨s grand salon - une grande cuisine - une belle terrasse - un wc visiteur -une Salle Ã  manger - une chambre en bas avec sa salle de bain - 3 chambres en haut dont 2 trÃ¨s grandes toutes autonomes -une indÃ©pendance -un beau jardin - une buanderie - garage de 3 voitures Â  Nb: villa trÃ¨s parfaite pour une Famille. ClÃ© en main ImmÃ©diatement Â  Document: Certificat de propriÃ©tÃ© Foncier. Nb: CitÃ© FermÃ©e, bitumÃ©e , propre et trÃ¨s facile d'accÃ¨s."
Villa duplex 5 piÃ¨ces(Location),Prix :50 000 000XOF,Abatta 06881032,,Appartements,,,2024-06-21 11:53:57,gbebe,https://annonces.abidjan.net/immobiliers/12531/details/villa-duplex-5-pieces,"VenteÂ villa duplex 5 piÃ¨ces au gros oeuvre sur 300 mÂ² avec ACD.Site Ã  Feh kessÃ© avant la citÃ© oribad, zone bitumÃ© CONTACT +225 68 30 72 04 / +225 06 88 10 32 / 21 29 76 84#PrixÂ de vente: 50 Millions  *Chaque chambre autonome avec salle d'eau visiteur plus balcon.* garage, cour avant et arriÃ¨re, clÃ´ture et portail."
villas duplex de 03pieces alouer(Location),Prix :280 000XOF,Abobo 06881032,,Appartements,,,2024-06-21 11:54:02,gbebe,https://annonces.abidjan.net/immobiliers/12530/details/villas-duplex-de-03pieces-alouer,APPARTEMENT NEUF Ã€ LOUER  COCODY RIVIERA FAYA A CÃ”TÃ‰ DE L'Ã‰GLISE CATHOLIQUE DES LAURIERS. EN FACE DU SUPERMARCHÃ‰ PLAYCE /CARREFOUR   2 CHAMBRES SALON (3 PIECES) GRAND SALON AVEC BALCON 3 DOUCHES  BALCON DANS CHAQUE CHAMBRE  CUISINE AVEC BUANDERIE  Baie vitrÃ©e SALON SORTIE DES BALCONS EN VITRE PORTE DES DOUCHES EN VITRE  CHAUFFE EAU INTER-PHONE SERVICE DE GARDIENAGE 24H/24 PARKING INTERNE ET EXTERNE
villas du^plex de 05 pieces en vente(Location),Prix :250 000 000XOF,06881032 Appartements,,Appartements,,,2024-06-21 11:54:08,gbebe,https://annonces.abidjan.net/immobiliers/12528/details/villas-du-plex-de-05-pieces-en-vente,**** TrÃ¨s belle OpportunitÃ© Ã  saisir **** RIVERA FAYA ROUTE ABATTA TRES HAUT STANDING DUPLEX 5 PIÃˆCES  *superficie 400 mÂ² Comportant 2 trÃ¨s grands salons - 03 chambres autonomes en haut - 02 chambres autonomes en bas  - garage Nb: villa trÃ¨s parfaite pour une Famille. ClÃ© en main ImmÃ©diatement Nb: CitÃ© propre et trÃ¨s facile d'accÃ¨s. DOCUMENT : ACD
villas duplex en vente de 05 piecs(Location),Prix :130 000 000XOF,Abobo 06881032,,Appartements,,,2024-06-21 11:54:15,gbebe,https://annonces.abidjan.net/immobiliers/12526/details/villas-duplex-en-vente-de-05-piecs,"**** TrÃ¨s belle OpportunitÃ© Ã  saisir **** Â  RIVERA 3 SELMER (CITE LES ROSIERS) Duplex 5 PIECES, sur 250 mÂ².  Â  Comportant un trÃ¨s grand salon - une grande cuisine - une belle terrasse - un wc visiteur - 04 chambre en bas avec sa salle de bain - garage de 02 voitures  -un jardin Â  Nb: villa trÃ¨s parfaite pour une Famille. ClÃ© en main ImmÃ©diatement Â  Document: TITRE FONCIER INDIVIDUEL Nb: CitÃ© propre et trÃ¨s facile d'accÃ¨s."
appartement de 03 pieces  en location(Location),Prix :2 200 000XOF,06881032 Appartements,,Appartements,,,2024-06-21 11:54:27,gbebe,https://annonces.abidjan.net/immobiliers/12511/details/appartement-de-03-pieces-en-location,APPARTEMENT NEUF Ã€ LOUERÂ COCODY RIVIERA FAYA A CÃ”TÃ‰ DE L'Ã‰GLISE CATHOLIQUE DES LAURIERS. EN FACE DU SUPERMARCHÃ‰ PLAYCE /CARREFOUR   2 CHAMBRES SALON (3 PIECES) GRAND SALON AVEC BALCON 3 DOUCHES  BALCON DANS CHAQUE CHAMBRE  CUISINE AVEC BUANDERIE  Baie vitrÃ©e SALON SORTIE DES BALCONS EN VITRE PORTE DES DOUCHES EN VITRE  CHAUFFE EAU INTER-PHONE  SERVICE DE GARDIENNAGE 24H/24PARKING INTERNE ET EXTERNE
appartement de 03 piecees  en location(Location),Prix :200 000XOF,Abobo 06881032,,Appartements,,,2024-06-21 11:54:33,gbebe,https://annonces.abidjan.net/immobiliers/12509/details/appartement-de-03-piecees-en-location,APPARTEMENT 03 PIÃˆCES A LOUER N.B: NOUVELLE CONSTRUCTION A LIVRER FIN NOVEMBRE LOCALISATION........................ NOUVEAU GOUDRON ROUTE ABATTA  Â  COMMODITÃ‰S: -un grand salon -une salle a manger -un balcon -une cuisine -02 douches -une cour avant et arriÃ¨re au rez de chausse Â  MODALITÃ‰ : 05 MOIS
villas duplex de 05 pieces a vendre(Location),Prix :220 000 000XOF,06881032 Appartements,,Appartements,,,2024-06-21 11:54:51,gbebe,https://annonces.abidjan.net/immobiliers/12506/details/villas-duplex-de-05-pieces-a-vendre,"**** TrÃ¨s belle OpportunitÃ© Ã  saisir **** Cocody AngrÃ© Bessikoi ( Diaspora, Une trÃ¨s belle CitÃ©) Une Nouvelle belle Villa Duplex , TrÃ¨s Chaleureuse de 5 piÃ¨ces + une indÃ©pendance sur 335m2  Comportant un trÃ¨s grand salon - une grande cuisine - une belle terrasse - un wc visiteur -une Salle Ã  manger - une chambre en bas avec sa salle de bain - 3 chambres en haut dont 2 trÃ¨s grandes toutes autonomes -une indÃ©pendance -un beau jardin - une buanderie - garage de 3 voitures Nb: villa trÃ¨s parfaite pour une Famille. ClÃ© en main ImmÃ©diatement Document: Certificat de propriÃ©tÃ© Foncier. Nb: CitÃ© FermÃ©e, bitumÃ©e , propre et trÃ¨s facile d'accÃ¨s."
appartement de 03 piecees  en location(Location),Prix :200 000XOF,Abobo 06881032,,Appartements,,,2024-06-21 11:55:02,gbebe,https://annonces.abidjan.net/immobiliers/12503/details/appartement-de-03-piecees-en-location,APPARTEMENT 03 PIÃˆCES A LOUER Â  N.B: NOUVELLE CONSTRUCTION A LIVRER FIN NOVEMBRE Â  LOCALISATION........................ NOUVEAU GOUDRON ROUTE ABATTA  Â  COMMODITÃ‰S: -un grand salon -une salle a manger -un balcon -une cuisine -02 douches -une cour avant et arriÃ¨re au rez de chausse Â  MODALITÃ‰ : 05 MOIS
appartement a louer 03 pieces(Location),Prix :280 000XOF,06881032 Appartements,,Appartements,,,2024-06-21 11:55:07,gbebe,https://annonces.abidjan.net/immobiliers/12502/details/appartement-a-louer-03-pieces,APPARTEMENT NEUF Ã€ LOUER  COCODY RIVIERA FAYA A CÃ”TÃ‰ DE L'Ã‰GLISE CATHOLIQUE DES LAURIERS. EN FACE DU SUPERMARCHÃ‰ PLAYCE /CARREFOUR  2 CHAMBRES SALON (3 PIECES) GRAND SALON AVEC BALCON 3 DOUCHES  BALCON DANS CHAQUE CHAMBRE  CUISINE AVEC BUANDERIE  Baie vitrÃ©e SALON SORTIE DES BALCONS EN VITRE PORTE DES DOUCHES EN VITRE  CHAUFFE EAU INTER-PHONE SERVICE DE GARDIENAGE 24H/24 PARKING INTERNE ET EXTERNE
appartement de 03 pieces en location(Location),Prix :280 000XOF,Abobo 06881032,,Appartements,,,2024-06-21 11:55:13,gbebe,https://annonces.abidjan.net/immobiliers/12501/details/appartement-de-03-pieces-en-location,APPARTEMENT NEUF Ã€ LOUER  COCODY RIVIERA FAYA A CÃ”TÃ‰ DE L'Ã‰GLISE CATHOLIQUE DES LAURIERS.  EN FACE DU SUPERMARCHÃ‰ PLAYCE /CARREFOUR   2 CHAMBRES SALON (3 PIECES) GRAND SALON AVEC BALCON 3 DOUCHES  BALCON DANS CHAQUE CHAMBRE  CUISINE AVEC BUANDERIE  Baie vitrÃ©e SALON SORTIE DES BALCONS EN VITRE PORTE DES DOUCHES EN VITRE  CHAUFFE EAU INTER-PHONE SERVICE DE GARDIENNAGE 24H/24 PARKING INTERNE ET EXTERNE
appartement a loouer de 04 pieces(Location),Prix :280 000XOF,06881032 Appartements,,Appartements,,,2024-06-21 11:55:19,gbebe,https://annonces.abidjan.net/immobiliers/12500/details/appartement-a-loouer-de-04-pieces,APPARTEMENT NEUF Ã€ LOUERÂ COCODY RIVIERA FAYA A CÃ”TÃ‰ DE L'Ã‰GLISE CATHOLIQUE DES LAURIERS. EN FACE DU SUPERMARCHÃ‰ PLAYCE /CARREFOURÂ 2 CHAMBRES SALON (3 PIECES)GRAND SALON AVEC BALCON3 DOUCHESÂ Â BALCON DANS CHAQUE CHAMBREÂ CUISINE AVEC BUANDERIEÂ Baie vitrÃ©e SALONSORTIE DES BALCONS EN VITREPORTE DES DOUCHES EN VITREÂ Â CHAUFFE EAUINTER-PHONESERVICE DE GARDIENAGE 24H/24PARKING INTERNE ET EXTERNE
villas duplex de 05 pieces en vente(Location),Prix :155 000 000XOF,06881032 Appartements,,Appartements,,,2024-06-21 11:55:24,gbebe,https://annonces.abidjan.net/immobiliers/12499/details/villas-duplex-de-05-pieces-en-vente,"*** OpportunitÃ© Ã  saisir **** COCODY AngrÃ©, 8e tranche ( Dans la TrÃ¨s belle CitÃ© Soleil 3, une CitÃ© propre , bitumÃ©e et trÃ¨s facile d'accÃ¨s ) Une magnifique villa Duplex de 5 piÃ¨ces  trÃ¨s bien aÃ©rÃ©e sur 323m2. Comportant un Grand Salon  -Une salle Ã  manger - Une grande cuisine - Une chambre en bas avec sa salle de bain -Un wc visiteur un trÃ¨s bon jardin + un garage de 3 voitures + Une belle terrasse EN HAUT: - 3 chambres grande + dressing dans la chambre principa"
APPARTEMENT DE 03 PIECES EN VENTE(Location),Prix :180 000XOF,06881032 Appartements,,Appartements,,,2024-06-21 11:55:29,gbebe,https://annonces.abidjan.net/immobiliers/12495/details/appartement-de-03-pieces-en-vente,APPARTEMENT 03 PIÃˆCES A LOUER N.B: NOUVELLE CONSTRUCTION LOCALISATION........................ NOUVEAU GOUDRON ROUTE ABATTA  COMMODITÃ‰S: -un grand salon -une salle a manger -un balcon -une cuisine -02 douches -une cour avant et arriÃ¨re au rez de chausse MODALITÃ‰ : 05 MOIS
appartement de 03 piece en location(Location),Prix :280 000XOF,06881032 Appartements,,Appartements,,,2024-06-21 11:55:44,gbebe,https://annonces.abidjan.net/immobiliers/12492/details/appartement-de-03-piece-en-location,https://www.facebook.com/centuryonegroupcisarl/ APPARTEMENT NEUF Ã€ LOUER  COCODY RIVIERA FAYA A CÃ”TÃ‰ DE L'Ã‰GLISE CATHOLIQUE DES LAURIERS. EN FACE DU SUPERMARCHÃ‰ PLAYCE /CARREFOUR  2 CHAMBRES SALON (3 PIECES) GRAND SALON AVEC BALCON 3 DOUCHES  BALCON DANS CHAQUE CHAMBRE  CUISINE AVEC BUANDERIE  Baie vitrÃ©e SALON SORTIE DES BALCONS EN VITRE PORTE DES DOUCHES EN VITRE  CHAUFFE EAU INTER-PHONE SERVICE DE GARDIENAGE 24H/24 PARKING INTERNE ET EXTERNE  LIVRAISON : FIN AOÃ›T   LOYER : 280 000 FCFA CONTACT : +225 08933371 / +225 05658180  Centuryonegroup@gmail.com https://www.facebook.com/centuryonegroupcisarl/
appartement de 03 pieces a louer(Location),Prix :200 000XOF,06881032 Appartements,,Appartements,,,2024-06-21 11:55:50,gbebe,https://annonces.abidjan.net/immobiliers/12489/details/appartement-de-03-pieces-a-louer,"Century ONE GROUP CI- SARL Construction : Immobilier et Belle Nature 16 janvier, 15:46 Â·           APPARTEMENT 03 PIÃˆCES A LOUER N.B: NOUVELLE CONSTRUCTION LOCALISATION........................ NOUVEAU GOUDRON ROUTE ABATTA  COMMODITÃ‰S: -un grand salon -une salle a manger -un balcon -une cuisine -02 douches -une cour avant et arriÃ¨re au rez de chausse MODALITÃ‰ : 05 MOIS"
Vilas Duplex(Location),Prix :943XOF,"GbamÃ©lÃ©, Grand-Bassam, Grand-Bassam, Sud-ComoÃ© Appartements",,Appartements,,,2024-06-21 11:57:44,Martin,https://annonces.abidjan.net/immobiliers/12435/details/vilas-duplex,"Prix : 943  XOF    CÃ´te d'Ivoire, Grand-Bassam   Adresse: GbamÃ©lÃ©, Grand-Bassam, Grand-Bassam, Sud-ComoÃ©   Type immobilier: Appartements"
DE BEAUX APPARTEMENTS A LOUER AU NOUVEAU CHU ANGRE(Location),Prix :250 000XOF,COCODY ANGRE Appartements,,Appartements,,,2024-06-21 11:59:23,Mme KONAN,https://annonces.abidjan.net/immobiliers/12374/details/de-beaux-appartements-a-louer-au-nouveau-chu-angre,LOCATION APPARTEMENTS DE BEAUX APPARTEMENTS DE 03 PIÃˆCES SONT A LOUER AÂ COCODY ANGRE DERRIERE LA CITE GESTOCI  COMMODITES;-CHAMBRES PRINCIPALES AUTONOMES-02 DWC-CHAMBRES AVEC PLACARDS-GRNDS SALONS-02 BALCONS-CUISINE AVEC MEUBLES DE RANGEMENT-GRAND PARKING INTERNES-GARDIEN
Terrains de 20 ha Ã  AngrÃ© dans le perimetre du nouveau chu(Location),Prix :10 000 000XOF,Cocody Abidjan,,Appartements,,,2024-06-21 11:59:47,Mme KONAN,https://annonces.abidjan.net/immobiliers/12371/details/terrains-de-20-ha-a-angre-dans-le-perimetre-du-nouveau-chu,UNE SUPERFICIE DE 20 HA MORCELLES EN 500 M2 EST EN VENTE A ANGRE DANS LE PERIMETRE DU NOUVEAU CHU. UNE VRAIE OPPRTUNITE D ACQUERIR DES TERRAINS A MOINDRE COUT. VENEZ PROFITER
Villa Ã  Louer aux 2Plateaux 1er Tranche(Location),Prix :850 000XOF,Bingerville 01004242,,Appartements,,,2024-06-21 12:00:03,edualways,https://annonces.abidjan.net/immobiliers/12358/details/villa-a-louer-aux-2plateaux-1er-tranche,Villa basse de 4 piÃ¨ces en location sis aux 2 PLATEAUX 1ER TRANCHE (quartier calme et sÃ©curisÃ©)Â  avec garage et jardin Ã  votre disposition .
SUPERBE TERRAIN EN VENTE EN ZONE 4(Location),Prix :160 000 000XOF,01 BP 6079 ABIDJAN 01 Appartements,,Appartements,,,2024-06-21 12:00:32,MAX,https://annonces.abidjan.net/immobiliers/12352/details/superbe-terrain-en-vente-en-zone-4,"PRESTIM VALUEPromoteur Immobilier Constructeur Sis aux 2 Plateaux Vallons ; 1er Ã‰tage de la Galerie Sainte CÃ©cile.Â C'est donc Ã  juste titre que nous vous proposons d'acquÃ©rir un de superbe terrain d'une superficie de 324 m2 dans la Merveilleuse Commune de zone 4C.On y accÃ¨de trÃ¨s aisÃ©ment Ã  partir du grand carrefour de Koumassi, en empruntant la voie menant au Restaurant Amore. AussitÃ´t que vous Ãªtes au feu du Restaurant Amore, il faudrait tourner Ã  gauche c'est la Rue Paul Langevin. En suivant progressivement, cette voie, vous verrez le dÃ©pÃ´t de vin Penasol,Â Face Ã  ce DÃ©pot , se trouve le Quartier Alpha, au sein duquel se vous avez le Magnifique Terrain en vente.C'est un quartier VIP paisible & sÃ©curisÃ© ou il fait bon vivre.NB: LE TERRAIN POSSÃˆDE UN CERTIFICAT DE PROPRIÃ‰TÃ‰ FONCIÃˆRE ( CPF )"
Peintre Enduiseur Ã  Marcory(Location),Prix :15 000XOF,Cocody 85345842,,Appartements,,,2024-06-21 12:01:22,yezion,https://annonces.abidjan.net/immobiliers/12319/details/peintre-enduiseur-a-marcory,Nous sommes une Ã©quipe de peintre enduiseur professionnel. Notre siÃ¨ge est situÃ© Ã  Marcory hibiscus. Pour tout besoin en peinture dÃ©co interne comme externe. Contact :Â  +225 85 34 58 42.
APPARTEMENT DE 2 PIECES Ã€ LA RIVIERA ABATTA(Location),Prix :140XOF,Cocody Riviera Abatta Carrefours Jules Verne,,Appartements,,,2024-06-21 12:01:45,hamadi,https://annonces.abidjan.net/immobiliers/12308/details/appartement-de-2-pieces-a-la-riviera-abatta,"Bel Appartement Ã  louer (neuf - jamais louÃ©). 140 000F/mois. 3 mois de caution, 1 mois d'avance, 1 mois de frais d'agence. Contacts: 07 43 55 81 - 05 04 33 60 info@softafrica-ci.com"
IMMEUBLE R+3 MODERNE Ã€ LA RIVIERA PALMERAIE(Location),Prix :350 000 000XOF,Cocody RIVIERA PALMERAIE,,Appartements,,,2024-06-21 12:02:14,OUWALY,https://annonces.abidjan.net/immobiliers/12278/details/immeuble-r-3-moderne-a-la-riviera-palmeraie,Vente d'immeuble r+3 moderne Ã  la riviera palmeraie dÃ©jÃ  habitÃ© avec un rapport mensuel de 2100000 fr cfa. Il se compose de 13 studios et de 7 appartements de 2 piÃ¨ces modernes. C'est un immeuble trÃ¨s chic et moderne.Â  Â  Prix : 350 millions de fcfa Ã  dÃ©battre. Â      Contacts: +225 77 48 48 90/ 04 36 36 16.
Appartement de 2 piÃ¨ces Ã  Cocody RiviÃ©ra(Location),Prix :200 000XOF,Cocody cocody riviera,,Appartements,,,2024-06-21 12:03:02,MISTRAL,https://annonces.abidjan.net/immobiliers/12254/details/appartement-de-2-pieces-a-cocody-riviera,"1 Appartement neuf de 2 piÃ¨ces comprenant une grande Chambre avec toutes les commoditÃ©s, un grand salon, balcon et uneÂ grande cuisine  Prix : 200 000 FCFA / moisÂ  Visites Â sur rendez-vous."
APPARTEMENT MEUBLE(Location),Prix :10 000XOF,Cocody COCODY ANGRE,,Appartements,,,2024-06-21 12:03:14,BEMA,https://annonces.abidjan.net/immobiliers/12244/details/appartement-meuble,APPARTEMENT MEUBLE A LOUER ABIDJAN COCODY 9EME TRANCHE PRIX 10000 CFA PAR JOURS CONTACT 45289909 OU 57388461OU 0033651259583
Studio meublÃ© en Zone 4(Location),Prix :18 000XOF,MARCORY Zone 4,,Appartements,,,2024-06-21 12:03:21,PATI,https://annonces.abidjan.net/immobiliers/12241/details/studio-meuble-en-zone-4,"Studio meublÃ© entiÃ¨rement Ã©quipÃ©, en zone 4 prÃ¨s du centre commercial PRIMA. 18000/Jour. Contact +225 79 69 35 93"
Maison PrÃ©fabriquÃ©e/ Conteneur prÃ©fabriquÃ©(Location),Prix :5 500 000XOF,49931173 Appartements,,Appartements,,,2024-06-21 12:03:26,Conseils,https://annonces.abidjan.net/immobiliers/12240/details/maison-prefabriquee-conteneur-prefabrique,"â€‹Maison PrÃ©fabriquÃ©e/ Conteneur prÃ©fabriquÃ©  Bon prix Tous types de maison prÃ©fabriquÃ©/conteneur (Habitation, Bureaux, Magasin) A partir de 5,5 millions f cfa Contactez vite le Â  49931173/75748206"
Villa Ã  vendre(Location),Prix :200 000 000XOF,Cocody Cocody Centre,,Appartements,,,2024-06-21 12:03:30,DjÃ©viÃ© Anicet,https://annonces.abidjan.net/immobiliers/12237/details/villa-a-vendre,"Grande villa composÃ©e de chambres trÃ¨s spacieuses, situÃ©e Ã  cocody en face de la citÃ© mermoz."
Des carreaux en vente(Location),Prix :3 000XOF,Yopougon Appartements,,Appartements,,,2024-06-21 12:03:53,KOFFI,https://annonces.abidjan.net/immobiliers/12226/details/des-carreaux-en-vente,"Nous avons des carreaux de qualitÃ© et moins chers. Nous nous adressons aux revendeurs et aux utilisateurs finaux. Pour toutes commandes, contactez nous."
Villa de 3 chambres Ã  yopougon(Location),Prix :14 000 000XOF,Yopougon YOPOUGON NIANGON,,Appartements,,,2024-06-21 12:05:25,kouadio,https://annonces.abidjan.net/immobiliers/12180/details/villa-de-3-chambres-a-yopougon,Belle petite villa de 3 chambres un salon une cour a niangon dans une belle cite PRIX 14 MILLIONS A DEBATTRE TEL + 225 67504350 MR DENYEL
Appartement de 2 chambres(Location),Prix :13XOF,Port Bouet PORT BOUET PHARE,,Appartements,,,2024-06-21 12:05:30,kouadio,https://annonces.abidjan.net/immobiliers/12179/details/appartement-de-2-chambres,Une petite maison de 2 chambres et salon et un appartement de 2 chambres un salon en ventes a port bouet phare PRIX 15 MILLIONS TEL 225 67504350 MR DENYEL
Appartements 2 piÃ¨ces(Location),Prix :15 000XOF,Koumassi Koumassi Zoe Bruno face atelier de  construction de la SOTRA,,Appartements,,,2024-06-21 12:06:03,Bamba,https://annonces.abidjan.net/immobiliers/12171/details/appartements-2-pieces,Appartements meublÃ©s climatisÃ©s de deux piÃ¨ces au RDC Â  EquipÃ© : rÃ©frigÃ©rateur-gaziniÃ¨re- lit 2 places- tÃ©lÃ©viseur- salle d'eau avec chauffe eau- micro-onde Â  Prix : 15 000 F/j Â  Adresse : koumassi Zoe Bruno face atelier de Â construction de la SOTRA Â  1 chambre - 1 salle de bain Â  Forfait possible aprÃ¨s 2 semaines Â  Infoline :Â 07 38 80 00Â Â  M. Bamba
STUDIO AMERICAIN A LOUER AU 2 PLATEAU(Location),Prix :125 000XOF,Cocody Cocody 2 Plateaux SococÃ©,,Appartements,,,2024-06-21 12:06:08,IVILEX IMMO,https://annonces.abidjan.net/immobiliers/12169/details/studio-americain-a-louer-au-2-plateau,"Studio amÃ©ricain Ã  louer au 2 Plateaux non loin de SococÃ© dans un immeuble sÃ©curisÃ©. Loyer : 125 000 Fcfa Conditions : 5 mois ( 3 mois de caution, 2 mois d'avance) et frais d'agence 70 000 Fcfa Visite possible sur RDV ferme Droit de visite : 5000 Fcfa Contacts : 77 29 61 55 / 58 87 18 70"
STUDIO A SANON(Location),Prix :70 000XOF,Cocody 2 plateaux sanon,,Appartements,,,2024-06-21 12:07:48,LC,https://annonces.abidjan.net/immobiliers/12106/details/studio-a-sanon,"A louer a sanon, appartement non meublÃ©.Cet appartement est non loin de opera- 1 EntrÃ©e (6,61mÂ²)- 1 SalonÂ - 1 CuisineÂ - 1 Chambre- 1 Salle d'eauÂ - 1 CouloirÂ - 1 Garage- 1 GardienConditions de location : 3 mois de caution et 3 mois de loyer dâ€™avance."
Joli studio trÃ¨s bon standing Ã  yop maroc(Location),Prix :60 000XOF,Yopougon Maroc Appartements,,Appartements,,,2024-06-21 12:08:01,Constant,https://annonces.abidjan.net/immobiliers/12091/details/joli-studio-tres-bon-standing-a-yop-maroc,"Grand studio de trÃ¨s bon standing bien situÃ© Ã  Yop Maroc non loin du college rodin, grand balcon, grande cuisine et grande chambre, fenÃªtres avec baie vitrÃ©e.Conditions: 6 mois"
Studio Ã  Yopogon Maroc(Location),Prix :60 000XOF,Yopougon Maroc,,Appartements,,,2024-06-21 12:08:06,Constant,https://annonces.abidjan.net/immobiliers/12090/details/studio-a-yopogon-maroc,"Grand studio de trÃ¨s bon standing bien situÃ© Ã  Yopougon Maroc non loin du collÃ¨ge rodin, grand balcon, grande cuisine et grande chambre, fenÃªtres avec baie vitrÃ©e"
STUDIO(Location),Prix :60 000XOF,Yopougon Yop Maroc,,Appartements,,,2024-06-21 12:08:17,Constant,https://annonces.abidjan.net/immobiliers/12086/details/studio,"Beau et grand studio bien situÃ© presque en bordure de voie, avec balcon etÂ grandesÂ cuisine .  Prix: 60 000 F CFA.  Conditions: 3 mois caution 2 mois avance et 1 mois agence"
grand appartement de 3 piÃ¨ces de trÃ¨s bon standing Ã  yopougon maroc(Location),Prix :120 000XOF,Yopougon Maroc Appartements,,Appartements,,,2024-06-21 12:08:22,Constant,https://annonces.abidjan.net/immobiliers/12084/details/grand-appartement-de-3-pieces-de-tres-bon-standing-a-yopougon-maroc,"TrÃ¨s grand appartement situÃ© Ã  yop maroc presque en bordure de voie avec grand salon, 2 chambres spacieuses et autonomes, 3 salles de bain, cuisine grande 2 balcons au 2Ã¨me Ã©tage.Prix: 120 000 F CFA;Â Conditions: 3 mois caution 2 mois avance et 1 mois agence"
Appartement de 3 piÃ¨ces(Location),Prix :180 000XOF,Cocody Riviera faya,,Appartements,,,2024-06-21 12:08:35,Constant,https://annonces.abidjan.net/immobiliers/12080/details/appartement-de-3-pieces,TrÃ¨s beau appartement de 3 piÃ¨ces Ã  louer dans un nouveau immeuble Ã  faya gÃ©nie 2000 carrefour nouveau camp dotÃ© de- d'un grand balcon avant avec WC visiteur- 2 chambres autonomes-1 salon-1 cuisineÂ  Loyer 180.000 Conditions 6 moisÂ  Visite gratuite sur RDV
STUDIO 60 EN BORDURE A BINGERVILLE(Location),Prix :60 000XOF,BINGERVILLE Appartements,,Appartements,,,2024-06-21 12:08:51,GONTY KLA,https://annonces.abidjan.net/immobiliers/12070/details/studio-60-en-bordure-a-bingerville,STUDIO 60.000 A BINGERVILLE
Appartement de 2 piÃ¨ces(Location),Prix :250 000XOF,Cocody Rue 3 las palmas,,Appartements,,,2024-06-21 12:10:49,yoro         cyrille,https://annonces.abidjan.net/immobiliers/12022/details/appartement-de-2-pieces,Un bel appartement haut standing de 2 piÃ¨ces pour uniquement bureau bien placÃ© sur latrille Ã  las palmas  PrÃªt Ã  Ãªtre habitÃ© Loyer : 250000f/7 Contacts : 08791549/01162782
Appartement 4 piÃ¨ces(Location),Prix :500 000XOF,Cocody 2 plateaux les vallons,,Appartements,,,2024-06-21 12:11:15,kouassi,https://annonces.abidjan.net/immobiliers/12007/details/appartement-4-pieces,Bel appartement de 4 piÃ¨ces aux 2 plateaux les vallons
Appartement 2 piÃ¨ces(Location),Prix :150 000XOF,Cocody 2 plateaux,,Appartements,,,2024-06-21 12:11:20,kouassi,https://annonces.abidjan.net/immobiliers/12005/details/appartement-2-pieces,Appartement de 2 piÃ¨ces sur le boulevard latrille pour bureaux uniquement.
Duplex 4 piÃ¨ces(Location),Prix :47 786 000XOF,28 BP 1345 ABIDJAN 28 Appartements,,Appartements,,,2024-06-21 12:11:25,KOUASSI,https://annonces.abidjan.net/immobiliers/12002/details/duplex-4-pieces,"Devenir propriÃ©taire d'une maison Ã  Abidjan,c'est possible!!! Le GROUPE SOVERD offre la possibilitÃ© Ã  tous les fonctionnaires, salariÃ©s du privÃ©, commerÃ§ants, cadre ou chef d'entreprise de sâ€™acquÃ©rir une maison en souscrivant Ã  son programme immobilier. Nous vous proposons des villas duplex de 4,5,6 et 7 piÃ¨ces sur les d'AngrÃ© extension (DJRGOBITE) et Bingerville avec une belle vue sur la lagune Ã©briÃ©. DÃ©jÃ  Ã  40% d'apport vous avez les clÃ©s de votre nouvelle maison et prÃªt Ã  habiter. N'est-ce pas gÃ©nial...."
Appartement meublÃ©(Location),Prix :20 000XOF,Cocody Faya,,Appartements,,,2024-06-21 12:11:37,Jkouam,https://annonces.abidjan.net/immobiliers/11997/details/appartement-meuble,Appartement meublÃ© tt confort cel 04 08 17 28
Studio situÃ© au plateau(Location),Prix :150 000XOF,Plateau Plateau CitÃ© RAN,,Appartements,,,2024-06-21 12:13:05,LASME,https://annonces.abidjan.net/immobiliers/11977/details/studio-situe-au-plateau,Il s'agit d'un grand studio meublÃ© climatisÃ© Ã  l'intÃ©rieur d'une concession Ã  Abidjan-Plateau CitÃ© RAN. CONTACT : +225 01597991. Mme YOMAN.
APPARTEMENT 2 PIECES MEUBLE POUR LES VACANCES(Location),Prix :36 000XOF,Cocody ABIDJAN,,Appartements,,,2024-06-21 12:14:42,Frejus-Georges,https://annonces.abidjan.net/immobiliers/11921/details/appartement-2-pieces-meuble-pour-les-vacances,"Pour vos sÃ©jours en CÃ´te-dâ€™Ivoire la RÃ©sidence HÃ´tel Georges Colette Ã  Abidjan vous propose de beaux appartements meublÃ©s et Ã©quipÃ©s de confort moderne avec la connexion internet haut dÃ©bit. Aussi, nous disposons d'une salle de rÃ©ception avec un bar-restaurant! Pour voir les photos ou rÃ©server, visitez notre site internetÂ  www.locationtempo.com Abidjan (00225) 23469918 - 09616625Â  Contact Skype: rgcabidjan Contact Skype: rgcolette"
APPARTEMENT 3 PIECES(Location),Prix :25 000XOF,Cocody Cocody-Danga,,Appartements,,,2024-06-21 12:14:47,LASME,https://annonces.abidjan.net/immobiliers/11918/details/appartement-3-pieces,"Il s'agit d'un grand appartement de 3 piÃ¨ces (un grand salon meublÃ© et 2 chambres climatisÃ©es) avec une cuisine Ã©quipÃ©e (Ã  venir avec sa valise), au prix de 25000 FCFA / jour (toutes charges comprises) avec possibilitÃ© de forfait au mois. Contacts : +225 01597991: Mme YOMAN; +225 40224477: M. LASME."
Studio meublÃ©(Location),Prix :25 000XOF,Cocody AngrÃ©,,Appartements,,,2024-06-21 12:15:09,okehi,https://annonces.abidjan.net/immobiliers/11914/details/studio-meuble,"Location meublÃ©e d'un beau studio Ã  angrÃ© 8 Ã¨me tranche, dans une citÃ© agrÃ©able Â : entrÃ©e avec cuisine Ã©quipÃ©e, salon avec split, table Ã  manger, chauffe eau tÃ©lÃ© canal et la rÃ©sidence trÃ¨s calme et sÃ©curisÃ©e 24/24. 25000f/jour.Â  Pour les longs sÃ©jours nous pouvons rÃ©duire Cel:0022548918058 ou 0022555684833."
RÃ©sidences meublÃ©es(Location),Prix :60 000XOF,Cocody waya.ange@yahoo.fr,,Appartements,,,2024-06-21 12:15:30,okehi,https://annonces.abidjan.net/immobiliers/11913/details/residences-meublees,Belle location de vacances au coeur D;Abidjan Cocody AngrÃ© 8 Ã¨me tranche. Â  Nous avions plusieurs types appartements meublÃ©s et studios meublÃ©s entierÃ¨ment Ã©quipÃ©s de kitchenette;TV;Canal;parking privÃ©;Wifi gratuit;cuisine Ã©quipÃ©e;service pressing;Air conditionnÃ©;tÃ©lÃ©phone direct. Les types de chambres et les tarifcs. Â  - Studios standards meublÃ©s 35000 francs CFA OU 53;5 Euros Â  - Grands studios meublÃ©s 40000 francs ou 67 Euros Â  - Appartements Ã  lits king size 60000 francs ou 91;5 Euros. cel.0022548918058 ou00225 55684833
RÃ©sidences meublÃ©es(Location),Prix :35 000XOF,Cocody AngrÃ©,,Appartements,,,2024-06-21 12:15:35,okehi,https://annonces.abidjan.net/immobiliers/11912/details/residences-meublees,Belle location de vacances au coeur D;Abidjan Cocody AngrÃ© 8 Ã¨me tranche.Â Nous avions plusieurs types appartements meublÃ©s et studios meublÃ©s entiÃ¨rement Ã©quipÃ©s de kitchenette; TV; Canal; parking privÃ©; Wifi gratuit; cuisine Ã©quipÃ©e; service pressing; Air conditionnÃ©; tÃ©lÃ©phone direct. Les types de chambres et les tarifs :Â  - Studios standards meublÃ©s 35000 francs CFA OU 53;5 Euros - Grands studios meublÃ©s 40000 francs ou 67 EurosÂ  - Appartements Ã  lits king size 60000 francs ou 91;5 Euros. Cel : 0022548918058 ou 55684833
Studio Ã  la Riviera Abatta(Location),Prix :25 000XOF,Cocody Riviera Abatta,,Appartements,,,2024-06-21 12:15:52,okehi,https://annonces.abidjan.net/immobiliers/11906/details/studio-a-la-riviera-abatta,"Location meublÃ©e d'un beau studio Ã  la Riviera Abatta carrefour BCEAO.Â  Dans un cadre agrÃ©able et .Une trÃ¨s belle vue sur la lagune : entrÃ©e avec cuisine Ã©quipÃ©e, salon avec Split, table Ã  manger, tÃ©lÃ© canal wifi et surtout la baie vitrÃ©e sortie sur la terrasse pour une dÃ©tente dans une rÃ©sidence trÃ¨s calme et sÃ©curisÃ©e 24/24.Â  Le sÃ©jour est Ã  25000f/jour. Pour les longs sÃ©jours nous pouvons rÃ©duire. Contacts : 0022555684833 ou 0022548918058"
RÃ©sidences meublÃ©s(Location),Prix :35 000XOF,Angre AngrÃ©,,Appartements,,,2024-06-21 12:15:56,okehi,https://annonces.abidjan.net/immobiliers/11905/details/residences-meubles,Belle location de vacances au coeur d'Abidjan Cocody AngrÃ© 8Ã¨me Tranche. Nous avions plusieurs types d'appartements et studios entiÃ¨rementÂ Ã©quipÃ©s de kitchenette;TV;Canal;parking privÃ©;Wifi gratuit;cuisineÂ Ã©quipÃ©e;service pressing;Air conditionnÃ©;tÃ©lÃ©phone direct. Les types de chambres et les tarifcs. - Studios standards meublÃ©s 35000 francs CFA OU 53;5 Euros Â - Grands studios meublÃ©s 40000 francs ou 67 Euros Â - Appartements Ã  lits king size 60000 francs ou 91;5 Euros. Â Cel.0022548918058 OU 00225684833 .
un beau studio meublÃ© Ã  la(Location),Prix :25 000XOF,Riviera Faya Riviera Abatta,,Appartements,,,2024-06-21 12:16:02,okehi,https://annonces.abidjan.net/immobiliers/11904/details/un-beau-studio-meuble-a-la,"Studio meublÃ© dans un cadre agrÃ©able et une trÃ¨s belle vue sur la lagune : entrÃ©e avec cuisine Ã©quipÃ©e, salon avec Split, table Ã  manger, tÃ©lÃ© canal wifi et surtout la baie vitrÃ©e sortie sur la terrasse pour une dÃ©tente dans une rÃ©sidence trÃ¨s calme et sÃ©curisÃ©e 24/24. le sejour: 25000f/jour. Â  Pour les longs sÃ©jours nous pouvons rÃ©duire Â  Cel: 0022548918058 ou 0022555684833."
Studio Ã  louer(Location),Prix :100 000XOF,Angre AngrÃ© Chateau,,Appartements,,,2024-06-21 12:16:08,okehi,https://annonces.abidjan.net/immobiliers/11903/details/studio-a-louer,"Location Â de Â studio Ã  louer Ã  AngrÃ© ChÃ¢teau. - Les studios sont trÃ¨s grands ;Â  Â - Les cuisinesÂ  - Des chauffes eaux dans chaque appartements. Â - 1 grand parking. Â - Les conditionsÂ  - Prix : 100000 frcs/mois. Â - Les conditions ; caution 4 mois de cautions ,1 mois d,avance mois d,agence Â Cel : 0022548918058 ou 55684833. Â NB: les agents immobiliers doivent s'abstenir"
Appartements meublÃ©s(Location),Prix :35 000XOF,Cocody AngrÃ©,,Appartements,,,2024-06-21 12:16:17,okehi,https://annonces.abidjan.net/immobiliers/11895/details/appartements-meubles,Belle location de vacances au coeur d'abidjan cocody angrÃ© 8 Ã¨me tranche.nous avions plusieurs types appartements meublÃ©s et studios meublÃ©s entiÃ¨rement Ã©quipÃ©s de kitchenette; tv; canal; parking privÃ©; wifi gratuit; cuisine Ã©quipÃ©e; service pressing; air conditionnÃ©; tÃ©lÃ©phone direct. Les types de chambres et les trafics. Studios standards meublÃ©s 35000 francs cfa ou 53.5 euros Grands studios meublÃ©s 40000 francs ou 67 euros Appartements Ã  lits king size 60000 francs ou 91.5 euros. Cel : 0022548918058 ou 00225684833
residence meublÃ© Ã  AngrÃ©(Location),Prix :35 000XOF,zebijunior@yahoo.fr Appartements,,Appartements,,,2024-06-21 12:16:28,okehi,https://annonces.abidjan.net/immobiliers/11892/details/residence-meuble-a-angre,Belle location de vacances au coeur D;Abidjn Cocody AngrÃ© 8 Ã¨me tranche.Nous avions plusieurs types appartements meublÃ©s et studios meublÃ©s entierÃ¨ment Ã©quipÃ©s de kitchenette;TV;Canal;parking privÃ©;Wifi gratuit;cuisine Ã©quipÃ©e;service pressing;Air conditionnÃ©;tÃ©lÃ©phone direct. Les types de chambres et les tarifcs. Studios standards meublÃ©s 35000 francs CFA OU 53;5 Euros Grands studios meublÃ©s 40000 francs ou 67 Euros Appartements Ã  lits king size 60000 francs ou 91;5 Euros. Cel.0022548918058 OU 00225684833 .
Appartements meublÃ©s(Location),Prix :35 000XOF,Cocody AngrÃ©,,Appartements,,,2024-06-21 12:16:33,okehi,https://annonces.abidjan.net/immobiliers/11887/details/appartements-meubles,Belle location de vacances au coeur d'Abidjan Cocody AngrÃ© 8 Ã¨me tranche. Nous avions plusieurs types appartements meublÃ©s et studios meublÃ©s entiÃ¨rement Ã©quipÃ©s de kitchenette; TV; Canal; parking privÃ©; Wifi gratuit;cuisine Ã©quipÃ©e; service pressing; Air conditionnÃ©; tÃ©lÃ©phone direct. Les types de chambres et les tarifs. - Studios standards meublÃ©s 35000 francs CFA OU 53.5 EurosÂ  - Grands studios meublÃ©s 40000 francs ou 67 Euros - Appartements Ã  lits king size 60000 francs ou 91.5 Euros.Â  Cel : 0022548918058 OU 00225684833.
Beau studio meublÃ© Ã  la Riviera Abatta(Location),Prix :25 000XOF,Cocody Riviera Abatta,,Appartements,,,2024-06-21 12:17:16,okehi,https://annonces.abidjan.net/immobiliers/11879/details/beau-studio-meuble-a-la-riviera-abatta,"Location meublÃ©e d'un beau studio Ã  la Riviera Abatta carrefour BCEAO.Â  Â  Dans un cadre agrÃ©able et .Une trÃ¨s belle vue sur la lagune : entrÃ©e avec cuisine Ã©quipÃ©e, salon avec Split, table Ã  manger, tÃ©lÃ© canal wifi et surtout la baie vitrÃ©e sortie sur la terrasse pour une dÃ©tente dans une rÃ©sidence trÃ¨s calme et sÃ©curisÃ©e 24/24.Â  Le sÃ©jour est Ã  25000f/jour. Â  Pour les longs sÃ©jours nous pouvons rÃ©duire. Â  Contact: 0022555684833 ou 0022548918058"
Studio meublÃ©(Location),Prix :25 000XOF,Cocody Riviera Abatta,,Appartements,,,2024-06-21 12:17:26,okehi,https://annonces.abidjan.net/immobiliers/11877/details/studio-meuble,"Location meublÃ©e d'un beau studio Ã  la Riviera Abatta carrefour BCEAO.Â  Dans un cadre agrÃ©able et Une trÃ¨s belle vue sur la lagune : entrÃ©e avec cuisine Ã©quipÃ©e, salon avec Split, table Ã  manger, tÃ©lÃ© canal wifi et surtout la baie vitrÃ©e sortie sur la terrasse pour une dÃ©tente dans une rÃ©sidence trÃ¨s calme et sÃ©curisÃ©e 24/24.Â  Le sÃ©jour est Ã  25000f/jour. Pour les longs sÃ©jours nous pouvons rÃ©duire. Contacts : 0022555684833 ou 0022548918058"
Triplex de 10 piÃ¨ces(Location),Prix :250 000 000XOF,Cocody Ã  AngrÃ©,,Appartements,,,2024-06-21 12:17:41,okehi,https://annonces.abidjan.net/immobiliers/11871/details/triplex-de-10-pieces,"vente d,une trÃ¨s belle tripex marbrÃ© de 10 piÃ¨ces Ã  AngrÃ© 8Ã¨me tranche dans une citÃ© paisible et bien sÃ©curisÃ©. composÃ© de et plusieurs salons,une salle Ã  manger,2 cuisines Â . garage de 2 voitures,un bureau + jardin et plusieurs chambres atonomes avec jaccuzy et systÃ¨me MP3 dans la salle de bain de la chambre principale.Prix:250 millions francs Ã  dÃ©battre. cel:(00225)48918058 ou (00225)55684833 La citÃ© est Â goudronnÃ©e Nb:Les agents immobiliers doivent s,abstenir"
Studio(Location),Prix :100 000XOF,Cocody Ã  AngrÃ©,,Appartements,,,2024-06-21 12:17:51,okehi,https://annonces.abidjan.net/immobiliers/11868/details/studio,"location d,un nouveau studio Ã  louer Ã  AngrÃ© chateau Le cadre paisible et agrÃ©ableÂ  Les conditions: 2 mois de cautions, 1 mois d,avance et 1 mois d,agence. 100000 frcs/mois L,immeuble est bien sÃ©curisÃ©. Cel:48918058 OU 55684833 NB:Les agents immobiliers doivent s,abstenir"
Appartement de 2 piÃ¨ces(Location),Prix :170 000XOF,Cocody AngrÃ© 9 Ã¨me tranche,,Appartements,,,2024-06-21 12:18:01,okehi,https://annonces.abidjan.net/immobiliers/11865/details/appartement-de-2-pieces,"Location d'un appartement de 2 piÃ¨ces de haut standing Ã  AngrÃ© 9 Ã¨me"" tranche. Un parking interne et sÃ©curisÃ© 24h/24h. Les condition 6 mois de loyer mensuel 170000 francs. Cel:0022548918058 ou 0022555684833 Nb : Les agents immobiliers doivent s'abstenir"
Studios Ã  AngrÃ©(Location),Prix :100 000XOF,Cocody AngrÃ©,,Appartements,,,2024-06-21 12:18:07,okehi,https://annonces.abidjan.net/immobiliers/11864/details/studios-a-angre,"Location de plusieurs studios Ã  louer Ã  angrÃ© chÃ¢teau. Les studios sont trÃ¨s grands; les cuisines et 3 wcÂ avec des chauffes eaux dans chaque appartement avec grand un parking. Les conditions : 100000 frcs/mois. Il reste uniquement Ã  faire la peinture. vous pouvez rapidement rÃ©server les appartements car le nombre des studios sont limitÃ©. Dans le mois d'aoÃ»t les studios seront disponibles. Les conditions : - caution 500000, 1 mois d'avance et mois d'agence Cel : 0022548918058 ou 55684833. NB : les agents immobiliers doivent s'abstenir"
VILLA HAUT STANDING AVEC PISCINE(Location),Prix :2 500 000XOF,MARCORY ZONE 4 RUE DU CANAL,,Appartements,,,2024-06-21 12:19:02,BROUCHARD,https://annonces.abidjan.net/immobiliers/11840/details/villa-haut-standing-avec-piscine,SUR 600 MÂ² AVEC UNE TRES BELLE PISCINE DANS UNE CITE SECURISE S ETTEND LA TRES BELLZ VILLA DUPLEX DE 7 PIECES DE TRES HAUT STANDING AVEC 6 GRANDES CHAMBRES AUTONOMES UN GRAND SALON ET UN SUPERBE JARDIN LOYER 2 MILLIONS 500 MILLE MR BROUCHARDÂ Â Â  TELÂ Â  + 225 08952044Â Â Â Â Â Â Â Â Â Â  + 225Â  03498262 NB POSSIBLE DE FAIRE UN BUREAU
SUPERBE APPARTEMENTS 3 ET 4 PIECES HAUT STANDING(Location),Prix :850 000XOF,MARCORY ZONE4 RUE CANAL,,Appartements,,,2024-06-21 12:19:07,BROUCHARD,https://annonces.abidjan.net/immobiliers/11839/details/superbe-appartements-3-et-4-pieces-haut-standing,PARKING INTERNE GARDE 24H/24 PAR DES VIGILES VISIOPHONE SUPERBE APPARTEMENT DE 3 ET 4 PIECES DANS UN IMMEUBLE TRES BEAU TRES PROPRE ET TRES LUXUEUX UN TRES GRAND SALON UN GRAND BALCON DE GRANDE CHAMBRE UNE GRANDE CUISINE LOYERÂ Â  LES 3 PIECES A 850000 FR ET LES 4 PIECES A 1 MILLION MR BROUCHARDÂ  TEL +225 08952044Â Â Â Â Â Â Â Â Â Â  + 225 0498262
APPARTEMENT 2 PIECES(Location),Prix :150 000XOF,Cocody ANGRE 8EME TRANCHE,,Appartements,,,2024-06-21 12:19:14,BROUCHARD,https://annonces.abidjan.net/immobiliers/11838/details/appartement-2-pieces,SUPERBE APPPARTEMENT DE 2 PIECES AVEC 2 SALLES D'EAU UN GRAND SALON LOYER : 150 000 FR MR BROUCHAR TELÂ  08952044Â Â Â Â Â Â Â Â Â Â Â Â Â  03498262
Villa de 5 piÃ¨ces Ã  Abobo Sogephia(Location),Prix :28 000 000XOF,Abobo Abobo Sogephia,,Appartements,,,2024-06-21 12:19:31,BROUCHARD,https://annonces.abidjan.net/immobiliers/11833/details/villa-de-5-pieces-a-abobo-sogephia,"Villa batit sur 600 mÂ² Ã Â abobo sogephia avec 4 chambres, un grand salon et une trÃ¨s grande cours et une indÃ©pendanteÂ avec des travaux Prix : 30 MILLIONS Ã€ DÃ‰BATTRE TELÂ Â  +225 08952044 / +225 03498262"
DUPLEX 6 PIECES(Location),Prix :60 000 000XOF,Cocody COCODY ANGRE,,Appartements,,,2024-06-21 12:19:37,BROUCHARD,https://annonces.abidjan.net/immobiliers/11831/details/duplex-6-pieces,CommoditÃ©: - 2 grands salon  - 4 grandes chambres  - un garage pouvant accueillir 2 voiture  - un jardin avant et en arriÃ¨re  Â  Cour superbe villa duplex Ã  cocody angre vers le nouveau chu . villa staffÃ©e avec de large baie vitrÃ©e des balcons villa marbrÃ©e Â  PRIXÂ Â Â Â Â Â Â Â Â Â Â Â  60 MILLIONSÂ Â Â Â Â Â Â Â Â Â Â Â  75 MILLIONSÂ Â Â Â Â Â Â Â Â Â Â Â Â Â Â Â Â Â Â Â Â Â Â Â Â Â Â Â Â  85 MILLIONSTELÂ Â Â Â Â  +225Â Â  08952044Â Â Â Â Â Â Â Â  /Â Â Â Â Â Â Â Â Â  +225Â Â  03498262
SUPERBE APPARTEMENTS 3 ET 2 PIECES ABGRE CNPS(Location),Prix :130 000XOF,Cocody AngrÃ© chu,,Appartements,,,2024-06-21 12:19:45,BROUCHARD,https://annonces.abidjan.net/immobiliers/11830/details/superbe-appartements-3-et-2-pieces-abgre-cnps,Nous mettons Ã  votre disposition  - 2 superbes appartements de 3 piÃ¨ces carrellees vitrÃ©e staffÃ©e avec 3 salles d'eau - 2 superbe appartement de 2 piÃ¨ces avec 2 salles d'eau le tout entierrement Ã©quipÃ© staffÃ© carrelle et vitrÃ©.  Â  Appartement Ã  Angre vers la CNPS en face du GROUPE SCOLAIRE ST MARC Â  LOYERÂ Â  210 000 FR ...................... 3 PIECESLOYER 130 000 FR......................... 2 PIECESTEL +225 08952044Â Â Â Â Â Â Â Â Â Â Â Â Â Â Â Â Â Â Â Â Â Â Â Â Â Â Â Â  +225 03498262
BELLE COQUETTE SUBLIME PETITE VIILA 4 PIECES(Location),Prix :60 000 000XOF,Angre ANGRE VERS LE NOUVEAU CHU,,Appartements,,,2024-06-21 12:20:15,BROUCHARD,https://annonces.abidjan.net/immobiliers/11827/details/belle-coquette-sublime-petite-viila-4-pieces,"CitÃ© bien fermÃ©e, bien gardÃ©e, propre, bien bitumÃ© avec des aires de jeux citÃ© habitÃ©eÂ  citÃ© situÃ©e vers le nouveau "" c.h.u "" dâ€™angrÃ© comprenant une belle , coquette , sublime petite villa de 3 grandes chambres Ã©quipÃ©es ,Â  un grand salon , un garage , une grande cuisine . PRIXÂ  :Â Â Â  60 MILLIONS A DÃ‰BATTRETELÂ Â Â Â Â  +225 08952044Â Â Â Â Â Â Â Â Â Â Â Â Â Â Â Â Â Â Â Â Â Â Â Â Â Â Â Â Â Â Â Â Â Â Â Â Â Â Â Â Â Â Â Â Â Â Â Â Â Â Â Â Â Â Â Â Â Â Â Â Â Â Â Â Â Â Â Â Â  +225 03498262"
APPARTEMENT DE 3 PIECES(Location),Prix :380 000XOF,Cocody NON LOIN DE SOCOCE 2 PLATEAUX,,Appartements,,,2024-06-21 12:20:41,BROUCHARD,https://annonces.abidjan.net/immobiliers/11820/details/appartement-de-3-pieces,DANS LES ENVIRONS DE SOCOCE DANS UNE SUPERBE RÃ‰SIDENCE BIEN GARDÃ‰E AVEC UNE ACCESSIBILITÃ‰ TRES FACILE NON 100 M DU BOULEVARD LATIRILLEÂ  UN SUPERBE APPARTEMENT DE 3 PIECES ( 2 CHAMBRES UN SALON )Â  DANS UN SUPERBE PEIIT IMMEUBLE DE UN NIVEAU LES CHAMBRES SONT GRANDES SPATIEUSES Y COMPRIS LE SALON RÃ‰SIDENCE BIEN GARDÃ‰. LOYER 380 MILLE MR BROUCHARDÂ Â Â Â  TELÂ Â  +225 089520444Â Â Â Â Â Â Â Â Â Â Â  03498262
Villa duplex de 4 piÃ¨ces Ã  angrÃ©(Location),Prix :50 000 000XOF,Cocody COCODY ANGRE,,Appartements,,,2024-06-21 12:20:45,BROUCHARD,https://annonces.abidjan.net/immobiliers/11817/details/villa-duplex-de-4-pieces-a-angre,BELLEÂ  GRANDE SUBLIME VILLA DUPLEX DE 4 GRANDES CHAMBRESÂ  2 GRANDS SALONSÂ  UN GARAGE DE 2 VOITURES STAFFÃ‰E CARRELÃ‰E AVEC DE LARGE BAIE VITRÃ‰E MAISON TRÃˆSÂ  MODERNE DANS SA CONCEPTION . L EAU COURANTE ET Ã‰LECTRICITÃ‰ DÃ‰JÃ€ EN PLACEÂ  CLÃ”TURE FAITE PORTAIL EN FER DE BONNE QUALITÃ‰ BALCON AVEC SUPERBE VUE UNE MAISONÂ  POUR VOUS ET VOTRE FAMILLEÂ  UN SPLENDIDE PETIT JARDIN PRIXÂ Â  50 MILLIONSÂ Â Â Â  60 MILLIONS ET 70 MILLIONSTEL +225 08952044Â Â Â Â Â Â Â Â Â Â Â Â Â Â Â Â  +225 03498262
VILLA 3 PIECES(Location),Prix :250 000XOF,Cocody ANGRE,,Appartements,,,2024-06-21 12:21:02,BROUCHARD,https://annonces.abidjan.net/immobiliers/11811/details/villa-3-pieces,Petite et coquette villa de 2 chambres autonomes avec un grand salon un garage et une cour Loyer 250 mille M. brouchardÂ Â  08952044Â Â Â Â Â  03498262
Duplex 4 chambres 2 salons garages 2 voitures(Location),Prix :50 000 000XOF,angre 2 plateaux Appartements,,Appartements,,,2024-06-21 12:21:06,BROUCHARD,https://annonces.abidjan.net/immobiliers/11810/details/duplex-4-chambres-2-salons-garages-2-voitures,Sur 200 mÂ² superbe duplex de 4 chambres 2 salons un garage de 2 voitures le tout carrelÃ© staffÃ© avec de grandes chambre autonomes ( chaque chambre a sa douche placard et balcon) duplexe situÃ© au niveau du chu d angrÃ© prixÂ  50 millions sur 200 mÂ²Â  et 60 millions sur 250 mÂ²tel +225Â  08952044Â Â Â Â Â Â Â Â Â Â Â Â Â Â Â Â Â Â Â Â Â Â Â Â Â Â Â Â Â Â Â Â Â Â Â Â Â Â Â Â  +225Â  03498262
2 SUPERBES APPT DE 2 PIECES ET 3 PIECES EN LOCATION(Location),Prix :140 000XOF,COCODY ANGRE  VERS CNPS Appartements,,Appartements,,,2024-06-21 12:21:13,BROUCHARD,https://annonces.abidjan.net/immobiliers/11809/details/2-superbes-appt-de-2-pieces-et-3-pieces-en-location,2 SUPERBES APPARTEMENTSÂ  DE 2 PIECES ( chambre + salon ) et 3 PIECES ( 2 chambres + salon ) DANS UN SUPERBE IMMEUBLE A ANGRE 9 EM TRANCHE VERS LA CNPS EN FACEÂ  DU GROUPEÂ  SCOLAIRE ST MARC AVEC STAFF BAIE VITRÃ‰E CARRELÃ‰E IMMEUBLE GARDÃ‰E 24 H / 24 HÂ  APPARTEMENTS TRES ACCESSIBLE LOYER : 140 000 POUR LA 2 PIÃˆCES ET 210 000 FR POUR LA 3 PIECES TEL : + 225 08 95 20 44 / +225 03 49 82Â  62
SUR 600 MÂ² SUPERBE VILLA DUPLEX 10 PIECES MOINS CHER(Location),Prix :1XOF,ABIDJAN RIVIERA ABATTA Appartements,,Appartements,,,2024-06-21 12:21:18,BROUCHARD,https://annonces.abidjan.net/immobiliers/11806/details/sur-600-m2-superbe-villa-duplex-10-pieces-moins-cher,SUR 600 MÂ² AVEC 300 MÂ² DE SURFACE UTILE ET 300 AUTRE MÂ² POUR LA PISCINE ET AUTRES ACCESSOIRES GRANDE VILLA DUPLEX DE 10 PIÃˆCES A LA RIVIERA ABATTA DONT 3 GRAND SA LONS ET 7 SPACIEUSES CHAMBRE . CETTE VILLA EST VENDUE DANS UN Ã‰TAT INACHEVÃ‰ ( voir photo ) MAIS ELLE POSSÃˆDE BEAUCOUP DE POTENTIALITÃ‰ AVEC 300 MÂ² DE COURSÂ  FAVORABLE A UN SUPERBE JARDIN ET UNE SUPERBE PISCINEPRIX 120 MILLIONS A DÃ‰BATTRETEL + 225 08952044Â Â Â Â Â Â Â Â Â Â Â Â Â Â Â Â Â Â Â Â Â Â Â Â Â Â Â Â Â Â Â Â Â Â Â Â Â Â  + 225 03498262
TRES BONNE OPPORTUNITE A SAISIR IMMEUBLE R+2 RIVIERA ABATTA(Location),Prix :100XOF,RIVIERA ABATTA Appartements,,Appartements,,,2024-06-21 12:21:28,BROUCHARD,https://annonces.abidjan.net/immobiliers/11802/details/tres-bonne-opportunite-a-saisir-immeuble-r-2-riviera-abatta,IMMEUBLE R + 2 AVEC AU REZ DE CHAUSSÃ‰E UN APPARTEMENT DE 4 PIÃˆCES AVEC GARAGE AU PREMIER 2 APPARTEMENTS DE 2 PIÃˆCES ET AU DEUXIÃˆME 2 APPARTEMENTS DE 3 PIÃˆCES AVEC LA POSSIBILITÃ‰ DE FAIRE R + 3 ( VOIR PHOTO )PRIXÂ  85 MILLIONS Ã€ DÃ‰BATTRECONTACT :Â  +22508952044Â Â Â Â Â Â Â Â Â Â Â Â Â Â Â Â Â Â Â Â Â Â Â Â Â Â Â Â Â Â Â Â Â Â Â Â Â Â Â Â Â Â Â Â Â Â Â Â Â Â Â Â Â Â Â Â Â Â Â Â Â Â Â Â Â Â Â Â Â Â Â Â Â Â Â Â Â Â Â Â Â Â Â Â Â Â Â  +225 03498262
AVEC VOTRE CREDIT BANCAIRE OFFREZ VOUS UNE BELLE VILLA DUPLEX(Location),Prix :45 000 000XOF,2 PLATEAU ANGRE NOUVEAU CHU Appartements,,Appartements,,,2024-06-21 12:21:33,BROUCHARD,https://annonces.abidjan.net/immobiliers/11799/details/avec-votre-credit-bancaire-offrez-vous-une-belle-villa-duplex,"Villas duplex paisibles, aÃ©rÃ©es , spacieuses faite de 4 grandes chambres toutes autonomes avec de grands placards et un dressing, 2 grands salons de 50 mÂ² et un de 25 mÂ² avec de large baie vitrÃ©e une grande cuisine sur mesure villas staffÃ©es carrelÃ©es avec de larges baies vitrÃ©es.PRIX : 45 MILLIONSÂ  /Â  50 MILLIONS /Â  60 MILLIONSTEL : +225 08952044Â  / +225Â Â Â Â  03498262"
SUPERBE PETITE VILLA DANS UNE SUPERBE CITE ANGRE(Location),Prix :35 000 000XOF,ANGRE Appartements,,Appartements,,,2024-06-21 12:21:53,BROUCHARD,https://annonces.abidjan.net/immobiliers/11795/details/superbe-petite-villa-dans-une-superbe-cite-angre,SUPERBE PETITE VILLA DE 2 CHAMBRES UN SALON AVEC COUR AVANT ET COUR ARRIÃˆRE A ANGRE CITE MILITAIREPRIXÂ  35 MILLIONS A DÃ‰BATTRETEL +225Â  08952044Â Â Â Â Â Â Â  +225 03498262
Superbe villa duplex Ã  angrÃ©(Location),Prix :50 000 000XOF,ANGRÃ‰ VERS LE NOUVEAU C.H.U D ANGRE Appartements,,Appartements,,,2024-06-21 12:22:01,BROUCHARD,https://annonces.abidjan.net/immobiliers/11792/details/superbe-villa-duplex-a-angre,ACHETEZ CACHE OU AVEC UN CRÃ‰DIT BANCAIRE OU SELON UN Ã‰CHÃ‰ANCIER 3 chambresÂ  chaque chambre est autonome avec de grand placard2 salons dont un en haut un garage de 2 voitures superbe villa duplex a angrÃ© vers le nouveau C.H.U D ANGREÂ  entiÃ¨rement staffÃ©e vitrÃ©e et carrelÃ©e avec clÃ´ture et portail en bon fer. vous avez la possibilitÃ© d acheter votre villa avec un crÃ©dit bancaire et nous vous aidons Ã  monter votre dossier prix 50 millionstel + 225 08952044Â Â Â Â Â Â Â Â Â Â Â Â Â Â  +225 03498262
COCODY BELLE SIMPLE SPACIEUSE VILA DUPLEX 6 PIECES OFERTE PAR VOTRE BANK OU CACHE(Location),Prix :400 000XOF,COCODY Appartements,,Appartements,,,2024-06-21 12:22:13,BROUCHARD,https://annonces.abidjan.net/immobiliers/11790/details/cocody-belle-simple-spacieuse-vila-duplex-6-pieces-oferte-par-votre-bank-ou-cache,COCODY SUPERBE VILLA DUPLEX DE HAUT STANDING DE 4 CHAMBRES ( une au rÃ©e de chaussÃ©e et trois Ã  l Ã©tage toutes autonomes ) DES CHAMBRES GRANDES ET TRÃˆS SPACIEUSES AVEC PLACARD ET SALLE D EAU . 2 SALON DONT UN PLUS GRAND AU REZ DE CHAUSSÃ‰E ET UN AUTRE PLUS PETITS ( salon VIP ) A L Ã‰TAGE UN GARAGE DE 2 VOITURES VILLA STAFFÃ‰E VITRÃ‰E CARRELÃ‰E AVEC L'EAU ET L'Ã‰LECTRICITÃ‰ DÃ‰JÃ€ INSTALLÃ‰ESÂ  ET LA CLÃ”TURE AVEC UN SUPERBE PORTAIL PRIXÂ  50 MILLIONS ; 60 MILLIONSÂ  ET 75 MILLIONS Contact : +225 08952044Â  Â  Â  Â  Â  Â  Â  Â  Â  Â  Â  Â  Â  Â  Â  Â  Â  Â  Â  Â  Â  Â  Â  Â  Â  Â  Â  Â  Â  Â  Â  Â  Â  Â  Â  Â  Â  Â  Â  +225 03498262
SUPERBE VILLA DE 4 CHAMBRES(Location),Prix :1 500 000XOF,Cocody RIVIERA 3 VERS LE LYCEE FRANCAIS,,Appartements,,,2024-06-21 12:22:18,BROUCHARD,https://annonces.abidjan.net/immobiliers/11789/details/superbe-villa-de-4-chambres,RIVIERA 3 VERS LE LYCÃ‰E FRANÃ‡AIS SUPERBE VILLA DE 4 CHAMBRES UN SALON ET UNE INDÃ‰PENDANTE ET UN JARDIN CONSTRUIT SUR 500 MÂ²LOYERÂ  1 MILLION 500 MILLESTEL 08952044Â Â Â Â  03498262
SUPERBE MAISON AU II PLATEAUX VALLONS(Location),Prix :2 000 000XOF,Cocody COCODY 2 PLATEAUX,,Appartements,,,2024-06-21 12:22:25,BROUCHARD,https://annonces.abidjan.net/immobiliers/11788/details/superbe-maison-au-ii-plateaux-vallons,"Abidjan 2 plateau vallonÂ  7e tranche superbe et sublimeÂ  de 10 grandes chambres , 3 grands salonsÂ  et des indÃ©pendantes situÃ©es en bordure de route. Pour la crÃ©ation de vos bureaux , Ã©coles ou habitationsÂ  contactez nous au :Â +225Â  08 95 20 44"
SUPERBE VILLA DUPLEX(Location),Prix :50 000 000XOF,2 PLATEAU ANGRE Appartements,,Appartements,,,2024-06-21 12:22:30,BROUCHARD,https://annonces.abidjan.net/immobiliers/11787/details/superbe-villa-duplex,Superbes villas duplex trÃ¨s haut standingÂ avecÂ : 4 grandes chambres comprenant chacuneÂ  -Une sale d'eau -Un placard Deux balcons deux grands salons dont un au rez de chaussÃ© et l'autre au premier avec de larges baies vitrÃ©es ;un garage de deux voitures et une cour arriÃ¨re et avant. Â Prix : 50 millions et 60 millionsContact: + 225 08952044
VILLA TRIPLEX SITUEE A ANGREE ARCADES 3(Location),Prix :1 000 000XOF,Deux Plateaux 2 PLATEAU ANGRE LES ARCADES 3,,Appartements,,,2024-06-21 12:22:34,BROUCHARD,https://annonces.abidjan.net/immobiliers/11786/details/villa-triplex-situee-a-angree-arcades-3,"CitÃ© trÃ¨s sÃ©curisÃ©e citÃ© trÃ¨s propre et bien bitumÃ©e villa trÃ¨s propre avec un garage de 2 voitures un petit jardin de 50 mÂ² dans la cour avant et un jardin de 100 mÂ² dans la cour arriÃ¨re une 2 indÃ©pendantes avec leur salle d eau un grand salon bien staffÃ© bien Ã©clairÃ© avec de large baie vitrÃ©e une trÃ¨s grande et superbe salle Ã  manger de 50 mÂ² une chambre autonome ,une buanderie et une grande cuisine au rezÂ  de chaussÃ©e puis 3 chambres dont la principale au premier Ã©tage avec une salle d eau moderne et un dressing puis un balconÂ  puis en fin au 2 eme Ã©tage 2 chambres avec leur salle d eauloyerÂ Â  1 milliontel + 225 08952044Â Â Â Â Â Â Â Â Â Â Â  +225 03498262"
SUPERBE APPARTEMENT A COCODY LYCEE TECHNIQUE(Location),Prix :300 000XOF,COCODY LYCEE TECHNIQUE Appartements,,Appartements,,,2024-06-21 12:22:41,BROUCHARD,https://annonces.abidjan.net/immobiliers/11782/details/superbe-appartement-a-cocody-lycee-technique,SUPERBE APPARTEMENT DE 2 CHAMBRES SALON AVEC 2 SALLES D EAU UN GRAND SALON ET 2 GRANDES CHAMBRES A COCODY LYCEE TECHNIQUELOYER : 300 000 FR contact: +225 08952044Â  Â  Â  Â  Â  Â  Â  Â  Â  Â  Â  Â  Â  Â  Â  Â  Â  Â  Â  Â  Â  Â  Â  Â  Â  Â  Â  Â  Â  Â  Â  Â  Â  Â  Â  Â  Â  Â  Â  Â +225 03498262
Appartement de 2 chambres(Location),Prix :50 000 000XOF,Cocody COCODY 166 LOGEMENTS PRES DU LYCEE TECHNIQUE,,Appartements,,,2024-06-21 12:22:46,BROUCHARD,https://annonces.abidjan.net/immobiliers/11779/details/appartement-de-2-chambres,TrÃ¨s trÃ¨s bel appartement de 2 chambres un grand salon au 1 er Ã©tage dans la citÃ© des 166 logements vers le lycÃ©e technique d'Abidjan. APPARTEMENT TRÃˆS PROPRE PRIX : 50 millions Ã  dÃ©battre Tel +22508952044Â / +22503498262
Villa duplex de standing (riviÃ©ra iv-beverly hills)(Location),Prix :1 200 000 000XOF,Abobo RIVIERA GOLF 4 BEVERLY HYLLS,,Appartements,,,2024-06-21 12:22:50,BROUCHARD,https://annonces.abidjan.net/immobiliers/11775/details/villa-duplex-de-standing-riviera-iv-beverly-hills,"A VENDREÂ : VILLA DUPLEX DE STANDING (Riviera IV-Beverly Hills)  DÃ©signation -Â Â Â Â Â Â  1 chambre principale (baignoire, cabine de douche, dressing)Â : 65 mÂ² -Â Â Â Â Â Â  1 suite (chambre + salon, salle de bain) -Â Â Â Â Â Â  2 chambres Ã  mezzanine (deux niveaux, salle de bain commune) -Â Â Â Â Â Â  1 chambre amis (salle de bain) -Â Â Â Â Â Â  2 studios (salles dâ€™eau) -Â Â Â Â Â Â  2 salons contigus -Â Â Â Â Â Â  2 salons sÃ©parÃ©s -Â Â Â Â Â Â  1 salle Ã  manger  -Â Â Â Â Â Â  1 bureau (sous combles) -Â Â Â Â Â Â  1 salle de sports (sous combles) -Â Â Â Â Â Â  1 grande cuisine (avec dÃ©barras) -Â Â Â Â Â Â  1 petite cuisine  -Â Â Â Â Â Â  1 dÃ©barras (sous escalier) -Â Â Â Â Â Â  1 garage couvert (pour 2 voitures) -Â Â Â Â Â Â  1 buanderie -Â Â Â Â Â Â  1 WC visiteurs -Â Â Â Â Â Â  3 balcons (vue panoramique) -Â Â Â Â Â Â  1 piscine  -Â Â Â Â Â Â  1 apatam -Â Â Â Â Â Â  1 guÃ©rite -Â Â Â Â Â Â  1 grande cour avant dallÃ©eÂ : 400 mÂ² (peut recevoir 10 voitures) -Â Â Â Â Â Â  1 grande cour arriÃ¨re plantÃ©eÂ : 300 mÂ² -Â Â Â Â Â Â  1 grande cour de serviceÂ : 150 mÂ² -Â Â Â Â Â Â  Salons, salle Ã  manger et terrasse marbrÃ©s (perlato, bottichino) -Â Â Â Â Â Â  Surface du terrainÂ : 1375 mÂ² -Â Â Â Â Â Â  Surface bÃ¢tie au solÂ : 525 mÂ² (plus surface habitable Ã©tage et combles) -Â Â Â Â Â Â  Parkings extÃ©rieurs (7 voitures) Â  PRIX 1 MILLIARD 200 MILLIONS Â  TELÂ  +225 08952044Â Â Â Â Â Â Â Â Â Â Â Â Â Â Â Â Â Â Â Â Â Â Â  +225 03498262"
VILLA DE 4 PIECES MEUBLEE(Location),Prix :60 000XOF,Cocody ABIDJAN ANGRE 9 EM TRANCHE STAR15,,Appartements,,,2024-06-21 12:22:56,BROUCHARD,https://annonces.abidjan.net/immobiliers/11774/details/villa-de-4-pieces-meublee,SUPERBE VILLA AVEC 3 CHAMBRES MEUBLES UN SUPERBE SALON AVEC WIFI UNE SUPERBE TERRASSE COUVERTE BIEN MEUBLE UN GARAGE D UNE VOITURE VILLA BIEN SÃ‰CURISÃ‰E LOYER 60 MILLES PAR JOUR TEL +22508952044Â Â Â Â Â Â Â Â Â Â Â Â Â Â Â Â Â Â Â Â Â Â Â Â Â Â Â  +22503498262
TRES BELLE VILLA SISE AU ROSIER PROGRAMME 5(Location),Prix :500 000XOF,Cocody ROSIER PROGRAMME 5 VERS HOTEL BELCOTTE,,Appartements,,,2024-06-21 12:23:02,BROUCHARD,https://annonces.abidjan.net/immobiliers/11773/details/tres-belle-villa-sise-au-rosier-programme-5,TRES TRES BELLE VILLA DUPLEX DE 4 CHAMBRES UN GRAND SALON UN GARAGE DE 2 VOITURES AVEC PETIT JARDIN VILLA TRES PROPRE ET TRES COQUETTE AVEC UN DESIGNE EUROPEEN LOYER: 500 000 FR TEL: 08952044 / 03498262 MR BROUCHARD
STUDIO MEUBLE(Location),Prix :15 000XOF,Cocody AngrÃ© 7Ã¨me tranche,,Appartements,,,2024-06-21 12:23:08,konan,https://annonces.abidjan.net/immobiliers/11769/details/studio-meuble,"STUDIO MEUBLE, CHAUFFE EAU, CLIMATISATION, TÃ‰LÃ‰ Ã‰CRAN PLASMA, REFRIGERATEUR GAZINIÃˆRE, KONAN MARIE 51 89 62 61"
